Nr. Pomiaru,Data,Ciężar ładunku [T],Długość wysięgnika [m],Odległość od osi [m],Wysokość podnoszenia [m],"Maksymalne, chwilowe zużycie energii elektrycznej [kW]",Dzienne zużycie energii elektrycznej [kW/8h],Cena energii elektrycznej [kWh],Koszt dzienny [PLN],Prędkość wiatru [m/s],Temperatura [C],Ciśnienie [hPa],Miesiąc
118,2022-03-01,5,13.2,2,3,39.6,79.2,0.4843,38.35656,9.44,8.5,1009.5,3
119,2022-03-01,8,13.2,2,3,39.6,79.2,0.4843,38.35656,9.44,8.5,1009.5,3
120,2022-03-01,15,13.2,1,3,39.6,79.2,0.4843,38.35656,9.44,8.5,1009.5,3
121,2022-04-01,5,13.2,1,10,39.8,80.0,0.4843,38.744,10.42,8.5,1000.25,4
122,2022-04-01,8,13.2,1,10,39.8,80.0,0.4843,38.744,10.42,8.5,1000.25,4
123,2022-04-01,15,13.2,3,10,39.8,80.0,0.4843,38.744,10.42,8.5,1000.25,4
124,2022-05-01,5,17.7,3,4,39.7,79.2,0.4843,38.35656,6.74,4.0,1000.5,5
125,2022-05-01,8,17.7,3,4,39.7,79.2,0.4843,38.35656,6.74,4.0,1000.5,5
126,2022-05-01,15,17.7,8,4,39.7,79.2,0.4843,38.35656,6.74,4.0,1000.5,5
127,2022-07-01,5,17.7,8,14,39.6,79.2,0.4843,38.35656,3.96,0.0,1021.5,7
128,2022-07-01,8,17.7,8,14,39.6,79.2,0.4843,38.35656,3.96,0.0,1021.5,7
129,2022-07-01,15,17.7,10,14,39.6,79.2,0.4843,38.35656,3.96,0.0,1021.5,7
130,2022-10-01,5,22.2,10,4,39.6,79.2,0.4843,38.35656,4.1,-2.0,1020.5,10
131,2022-10-01,8,22.2,10,4,39.6,79.2,0.4843,38.35656,4.1,-2.0,1020.5,10
132,2022-10-01,15,22.2,9,4,39.6,79.2,0.4843,38.35656,4.1,-2.0,1020.5,10
133,2022-11-01,5,22.2,9,19,39.8,79.2,0.4843,38.35656,2.85,-3.5,1034.0,11
134,2022-11-01,8,22.2,9,19,39.8,79.2,0.4843,38.35656,2.85,-3.5,1034.0,11
135,2022-11-01,15,22.2,5,19,39.8,79.2,0.4843,38.35656,2.85,-3.5,1034.0,11
136,2022-12-01,5,26.7,5,4,39.6,79.2,0.4843,38.35656,3.13,-4.0,1036.25,12
137,2022-12-01,8,26.7,5,4,39.6,79.2,0.4843,38.35656,3.13,-4.0,1036.25,12
138,2022-12-01,15,26.7,4,4,39.6,79.2,0.4843,38.35656,3.13,-4.0,1036.25,12
139,2022-01-13,5,26.7,4,24,40.0,80.1,0.4843,38.79243,7.36,1.0,1033.25,1
140,2022-01-13,8,26.7,4,24,40.0,80.1,0.4843,38.79243,7.36,1.0,1033.25,1
141,2022-01-13,15,26.7,3,24,40.0,80.1,0.4843,38.79243,7.36,1.0,1033.25,1
142,2022-01-14,5,31.3,3,5,40.0,80.1,0.4843,38.79243,9.24,3.0,1024.5,1
143,2022-01-14,8,31.3,3,5,40.0,80.1,0.4843,38.79243,9.24,3.0,1024.5,1
144,2022-01-14,15,31.3,2,5,40.0,80.1,0.4843,38.79243,9.24,3.0,1024.5,1
145,2022-01-17,5,31.3,2,28,39.9,80.0,0.4843,38.744,10.69,0.5,1012.25,1
146,2022-01-17,8,31.3,2,28,39.9,80.0,0.4843,38.744,10.69,0.5,1012.25,1
147,2022-01-17,15,31.3,5,28,39.9,80.0,0.4843,38.744,10.69,0.5,1012.25,1
148,2022-01-18,5,35.8,5,5,39.9,80.0,0.4843,38.744,6.25,-1.0,1032.5,1
149,2022-01-18,8,35.8,5,5,39.9,80.0,0.4843,38.744,6.25,-1.0,1032.5,1
150,2022-01-18,15,35.8,4,5,39.9,80.0,0.4843,38.744,6.25,-1.0,1032.5,1
151,2022-01-19,5,35.8,4,24,39.8,79.2,0.4843,38.35656,3.96,-1.0,1026.75,1
152,2022-01-19,8,35.8,4,24,39.8,79.2,0.4843,38.35656,3.96,-1.0,1026.75,1
153,2022-01-19,15,35.8,2,24,39.8,79.2,0.4843,38.35656,3.96,-1.0,1026.75,1
154,2022-01-20,5,35.8,2,32,39.8,79.2,0.4843,38.35656,9.24,0.0,1011.0,1
155,2022-01-20,8,35.8,2,32,39.8,79.2,0.4843,38.35656,9.24,0.0,1011.0,1
156,2022-01-20,15,35.8,2,32,39.8,79.2,0.4843,38.35656,9.24,0.0,1011.0,1
157,2022-01-21,5,40.3,2,7,39.7,79.2,0.4843,38.35656,7.57,-2.5,1019.25,1
158,2022-01-21,8,40.3,2,7,39.7,79.2,0.4843,38.35656,7.57,-2.5,1019.25,1
159,2022-01-21,15,40.3,3,7,39.7,79.2,0.4843,38.35656,7.57,-2.5,1019.25,1
160,2022-01-24,5,40.3,3,22,39.6,79.2,0.4843,38.35656,1.74,-6.0,1034.5,1
161,2022-01-24,8,40.3,3,22,39.6,79.2,0.4843,38.35656,1.74,-6.0,1034.5,1
162,2022-01-24,15,40.3,2,22,39.6,79.2,0.4843,38.35656,1.74,-6.0,1034.5,1
163,2022-01-25,1,40.3,2,36,39.8,80.0,0.4843,38.744,5.21,-0.5,1029.25,1
164,2022-01-25,5,40.3,2,36,39.8,80.0,0.4843,38.744,5.21,-0.5,1029.25,1
165,2022-01-25,8,40.3,3,36,39.8,80.0,0.4843,38.744,5.21,-0.5,1029.25,1
166,2022-01-26,5,44.8,3,7,39.7,79.2,0.4843,38.35656,5.76,1.0,1026.25,1
167,2022-01-26,8,44.8,3,7,39.7,79.2,0.4843,38.35656,5.76,1.0,1026.25,1
168,2022-01-26,10,44.8,4,7,39.7,79.2,0.4843,38.35656,5.76,1.0,1026.25,1
169,2022-01-27,1,44.8,4,40,39.6,79.2,0.4843,38.35656,6.94,0.5,1018.5,1
170,2022-01-27,5,44.8,4,40,39.6,79.2,0.4843,38.35656,6.94,0.5,1018.5,1
171,2022-01-27,8,44.8,5,40,39.6,79.2,0.4843,38.35656,6.94,0.5,1018.5,1
172,2022-01-28,5,49.3,5,9,39.6,79.2,0.4843,38.35656,9.1,0.5,1016.0,1
173,2022-01-28,8,49.3,5,9,39.6,79.2,0.4843,38.35656,9.1,0.5,1016.0,1
174,2022-01-28,10,49.3,6,9,39.6,79.2,0.4843,38.35656,9.1,0.5,1016.0,1
175,2022-01-31,5,49.3,6,24,39.8,79.2,0.4843,38.35656,7.71,1.0,1006.0,1
176,2022-01-31,8,49.3,6,24,39.8,79.2,0.4843,38.35656,7.71,1.0,1006.0,1
177,2022-01-31,10,49.3,5,24,39.8,79.2,0.4843,38.35656,7.71,1.0,1006.0,1
178,2022-01-02,1,49.3,5,42,39.6,79.2,0.4843,38.35656,6.32,-0.5,1011.0,1
179,2022-01-02,5,49.3,5,42,39.6,79.2,0.4843,38.35656,6.32,-0.5,1011.0,1
180,2022-01-02,8,49.3,3,42,39.6,79.2,0.4843,38.35656,6.32,-0.5,1011.0,1
181,2022-02-02,1,49.3,3,46,40.0,80.1,0.4843,38.79243,7.71,0.5,1003.5,2
182,2022-02-02,5,49.3,3,46,40.0,80.1,0.4843,38.79243,7.71,0.5,1003.5,2
183,2022-02-02,8,49.3,16,46,40.0,80.1,0.4843,38.79243,7.71,0.5,1003.5,2
184,2022-03-02,5,53.8,16,10,39.6,79.2,0.4843,38.35656,3.96,-0.5,1022.25,3
185,2022-03-02,8,53.8,16,10,39.6,79.2,0.4843,38.35656,3.96,-0.5,1022.25,3
186,2022-03-02,10,53.8,3,10,39.6,79.2,0.4843,38.35656,3.96,-0.5,1022.25,3
187,2022-04-02,1,53.8,3,38,39.9,80.0,0.4843,38.744,3.89,2.5,1014.5,4
188,2022-04-02,5,53.8,3,38,39.9,80.0,0.4843,38.744,3.89,2.5,1014.5,4
189,2022-04-02,8,53.8,11,38,39.9,80.0,0.4843,38.744,3.89,2.5,1014.5,4
190,2022-07-02,1,53.8,11,48,39.6,79.2,0.4843,38.35656,9.86,2.5,1006.25,7
191,2022-07-02,3,53.8,11,48,39.6,79.2,0.4843,38.35656,9.86,2.5,1006.25,7
192,2022-07-02,5,53.8,20,48,39.6,79.2,0.4843,38.35656,9.86,2.5,1006.25,7
193,2022-08-02,3,58.3,20,11,39.8,79.2,0.4843,38.35656,7.78,2.0,1024.25,8
194,2022-08-02,8,58.3,20,11,39.8,79.2,0.4843,38.35656,7.78,2.0,1024.25,8
195,2022-08-02,10,58.3,12,11,39.8,79.2,0.4843,38.35656,7.78,2.0,1024.25,8
196,2022-09-02,1,58.3,12,34,39.8,79.2,0.4843,38.35656,6.67,6.0,1026.0,9
197,2022-09-02,5,58.3,12,34,39.8,79.2,0.4843,38.35656,6.67,6.0,1026.0,9
198,2022-09-02,8,58.3,3,34,39.8,79.2,0.4843,38.35656,6.67,6.0,1026.0,9
199,2022-10-02,1,58.3,3,52,39.7,79.2,0.4843,38.35656,4.51,6.5,1021.5,10
200,2022-10-02,1,58.3,3,52,39.7,79.2,0.4843,38.35656,4.51,6.5,1021.5,10
201,2022-10-02,1,58.3,5,52,39.7,79.2,0.4843,38.35656,4.51,6.5,1021.5,10
202,2022-11-02,5,62.8,5,12,39.6,79.2,0.4843,38.35656,8.33,4.0,1019.75,11
203,2022-11-02,8,62.8,5,12,39.6,79.2,0.4843,38.35656,8.33,4.0,1019.75,11
204,2022-11-02,10,62.8,5,12,39.6,79.2,0.4843,38.35656,8.33,4.0,1019.75,11
205,2022-02-14,1,62.8,5,27,39.8,80.0,0.4843,38.744,1.94,6.0,1016.0,2
206,2022-02-14,5,62.8,5,27,39.8,80.0,0.4843,38.744,1.94,6.0,1016.0,2
207,2022-02-14,8,62.8,3,27,39.8,80.0,0.4843,38.744,1.94,6.0,1016.0,2
208,2022-02-15,1,62.8,3,48,39.7,79.2,0.4843,38.35656,1.67,7.0,1013.75,2
209,2022-02-15,3,62.8,3,48,39.7,79.2,0.4843,38.35656,1.67,7.0,1013.75,2
210,2022-02-15,5,62.8,4,48,39.7,79.2,0.4843,38.35656,1.67,7.0,1013.75,2
211,2022-02-16,1,62.8,4,57,39.6,79.2,0.4843,38.35656,7.29,7.0,1009.75,2
212,2022-02-16,1,62.8,4,57,39.6,79.2,0.4843,38.35656,7.29,7.0,1009.75,2
213,2022-02-16,1,62.8,12,57,39.6,79.2,0.4843,38.35656,7.29,7.0,1009.75,2
214,2022-02-17,1,67.3,12,14,39.6,79.2,0.4843,38.35656,12.85,7.5,995.0,2
215,2022-02-17,3,67.3,12,14,39.6,79.2,0.4843,38.35656,12.85,7.5,995.0,2
216,2022-02-17,5,67.3,3,14,39.6,79.2,0.4843,38.35656,12.85,7.5,995.0,2
217,2022-02-18,1,67.3,3,44,39.8,79.2,0.4843,38.35656,8.4,6.5,1010.25,2
218,2022-02-18,5,67.3,3,44,39.8,79.2,0.4843,38.35656,8.4,6.5,1010.25,2
219,2022-02-18,5,67.3,2,44,39.8,79.2,0.4843,38.35656,8.4,6.5,1010.25,2
220,2022-02-21,1,67.3,4,62,39.6,79.2,0.4843,38.35656,9.86,5.5,1011.0,2
221,2022-02-21,1,67.3,6,62,39.6,79.2,0.4843,38.35656,9.86,5.5,1011.0,2
222,2022-02-21,1,67.3,8,62,39.6,79.2,0.4843,38.35656,9.86,5.5,1011.0,2
223,2022-02-22,1,72.0,8,14,40.0,80.1,0.4843,38.79243,6.88,3.0,1013.0,2
224,2022-02-22,3,72.0,8,14,40.0,80.1,0.4843,38.79243,6.88,3.0,1013.0,2
225,2022-02-22,5,72.0,11,14,40.0,80.1,0.4843,38.79243,6.88,3.0,1013.0,2
226,2022-02-23,1,72.0,15,38,40.0,80.1,0.4843,38.79243,8.19,4.0,1021.0,2
227,2022-02-23,1,72.0,17,38,40.0,80.1,0.4843,38.79243,8.19,4.0,1021.0,2
228,2022-02-23,1,72.0,8,38,40.0,80.1,0.4843,38.79243,8.19,4.0,1021.0,2
229,2022-02-24,1,72.0,9,52,39.9,80.0,0.4843,38.744,2.78,4.0,1020.0,2
230,2022-02-24,1,72.0,10,52,39.9,80.0,0.4843,38.744,2.78,4.0,1020.0,2
231,2022-02-24,1,72.0,6,52,39.9,80.0,0.4843,38.744,2.78,4.0,1020.0,2
232,2022-02-25,1,72.0,6,67,39.9,80.0,0.4843,38.744,5.0,3.0,1020.5,2
233,2022-02-25,1,72.0,23,67,39.9,80.0,0.4843,38.744,5.0,3.0,1020.5,2
234,2022-02-25,1,72.0,23,67,39.9,80.0,0.4843,38.744,5.0,3.0,1020.5,2
235,2022-02-28,5,13.2,9,7,39.8,79.2,0.4843,38.35656,5.56,0.0,1034.5,2
236,2022-02-28,8,13.2,9,7,39.8,79.2,0.4843,38.35656,5.56,0.0,1034.5,2
237,2022-02-28,15,13.2,9,7,39.8,79.2,0.4843,38.35656,5.56,0.0,1034.5,2
238,2022-01-03,5,17.7,15,8,39.8,79.2,0.4843,38.35656,2.99,0.0,1033.5,1
239,2022-01-03,8,17.7,15,8,39.8,79.2,0.4843,38.35656,2.99,0.0,1033.5,1
240,2022-01-03,15,17.7,15,8,39.8,79.2,0.4843,38.35656,2.99,0.0,1033.5,1
241,2022-02-03,5,22.2,19,10,39.7,79.2,0.4843,38.35656,2.08,0.0,1024.75,2
242,2022-02-03,8,22.2,19,10,39.7,79.2,0.4843,38.35656,2.08,0.0,1024.75,2
243,2022-02-03,15,22.2,19,10,39.7,79.2,0.4843,38.35656,2.08,0.0,1024.75,2
244,2022-03-03,5,26.7,24,10,39.6,79.2,0.4843,38.35656,2.71,1.0,1018.0,3
245,2022-03-03,8,26.7,24,10,39.6,79.2,0.4843,38.35656,2.71,1.0,1018.0,3
246,2022-03-03,15,26.7,24,10,39.6,79.2,0.4843,38.35656,2.71,1.0,1018.0,3
247,2022-04-03,5,26.7,15,20,39.8,80.0,0.4843,38.744,3.19,1.0,1020.25,4
248,2022-04-03,8,26.7,15,20,39.8,80.0,0.4843,38.744,3.19,1.0,1020.25,4
249,2022-04-03,15,26.7,15,20,39.8,80.0,0.4843,38.744,3.19,1.0,1020.25,4
250,2022-07-03,5,31.3,26,16,39.7,79.2,0.4843,38.35656,3.89,1.0,1021.25,7
251,2022-07-03,8,31.3,26,16,39.7,79.2,0.4843,38.35656,3.89,1.0,1021.25,7
252,2022-07-03,15,31.3,26,16,39.7,79.2,0.4843,38.35656,3.89,1.0,1021.25,7
253,2022-08-03,5,31.3,14,28,39.6,79.2,0.4843,38.35656,3.47,1.0,1024.25,8
254,2022-08-03,8,31.3,14,28,39.6,79.2,0.4843,38.35656,3.47,1.0,1024.25,8
255,2022-08-03,15,31.3,14,28,39.6,79.2,0.4843,38.35656,3.47,1.0,1024.25,8
256,2022-09-03,5,35.8,33,11,39.6,79.2,0.4843,38.35656,3.26,3.0,1023.5,9
257,2022-09-03,8,35.8,33,11,39.6,79.2,0.4843,38.35656,3.26,3.0,1023.5,9
258,2022-09-03,15,35.8,33,11,39.6,79.2,0.4843,38.35656,3.26,3.0,1023.5,9
259,2022-10-03,5,35.8,19,28,39.8,79.2,0.4843,38.35656,4.93,0.0,1033.75,10
260,2022-10-03,8,35.8,19,28,39.8,79.2,0.4843,38.35656,4.93,0.0,1033.75,10
261,2022-10-03,15,35.8,19,28,39.8,79.2,0.4843,38.35656,4.93,0.0,1033.75,10
262,2022-11-03,1,40.3,21,32,39.6,79.2,0.4843,38.35656,5.28,-2.0,1035.75,11
263,2022-11-03,5,40.3,21,32,39.6,79.2,0.4843,38.35656,5.28,-2.0,1035.75,11
264,2022-11-03,8,40.3,21,32,39.6,79.2,0.4843,38.35656,5.28,-2.0,1035.75,11
265,2022-03-14,5,44.8,37,21,40.0,80.1,0.4843,38.79243,1.88,7.0,1030.0,3
266,2022-03-14,8,44.8,37,21,40.0,80.1,0.4843,38.79243,1.88,7.0,1030.0,3
267,2022-03-14,15,44.8,37,21,40.0,80.1,0.4843,38.79243,1.88,7.0,1030.0,3
268,2022-03-15,1,44.8,26,34,40.0,80.1,0.4843,38.79243,2.5,7.5,1029.5,3
269,2022-03-15,5,44.8,26,34,40.0,80.1,0.4843,38.79243,2.5,7.5,1029.5,3
270,2022-03-15,8,44.8,26,34,40.0,80.1,0.4843,38.79243,2.5,7.5,1029.5,3
271,2022-03-16,1,49.3,36,32,39.6,79.2,0.4843,38.35656,3.33,7.0,1023.75,3
272,2022-03-16,5,49.3,36,32,39.6,79.2,0.4843,38.35656,3.33,7.0,1023.75,3
273,2022-03-16,8,49.3,36,32,39.6,79.2,0.4843,38.35656,3.33,7.0,1023.75,3
274,2022-03-17,1,53.8,47,24,39.9,80.0,0.4843,38.744,6.67,4.0,1033.75,3
275,2022-03-17,5,53.8,47,24,39.9,80.0,0.4843,38.744,6.67,4.0,1033.75,3
276,2022-03-17,8,53.8,47,24,39.9,80.0,0.4843,38.744,6.67,4.0,1033.75,3
277,2022-03-18,5,58.3,55,18,39.8,79.2,0.4843,38.35656,4.31,2.0,1040.75,3
278,2022-03-18,8,58.3,55,18,39.8,79.2,0.4843,38.35656,4.31,2.0,1040.75,3
279,2022-03-18,15,58.3,55,18,39.8,79.2,0.4843,38.35656,4.31,2.0,1040.75,3
280,2022-03-21,1,58.3,32,46,39.8,79.2,0.4843,38.35656,4.51,4.5,1040.0,3
281,2022-03-21,5,58.3,32,46,39.8,79.2,0.4843,38.35656,4.51,4.5,1040.0,3
282,2022-03-21,5,58.3,32,46,39.8,79.2,0.4843,38.35656,4.51,4.5,1040.0,3
283,2022-03-22,1,62.8,58,20,39.7,79.2,0.4843,38.35656,3.13,8.0,1037.0,3
284,2022-03-22,5,62.8,58,20,39.7,79.2,0.4843,38.35656,3.13,8.0,1037.0,3
285,2022-03-22,8,62.8,58,20,39.7,79.2,0.4843,38.35656,3.13,8.0,1037.0,3
286,2022-03-23,1,62.8,45,42,39.9,80.0,0.4843,38.744,2.22,10.0,1030.5,3
287,2022-03-23,5,62.8,45,42,39.9,80.0,0.4843,38.744,2.22,10.0,1030.5,3
288,2022-03-23,5,62.8,45,42,39.9,80.0,0.4843,38.744,2.22,10.0,1030.5,3
289,2022-03-24,1,67.3,60,29,39.9,80.0,0.4843,38.744,2.71,9.0,1027.25,3
290,2022-03-24,5,67.3,60,29,39.9,80.0,0.4843,38.744,2.71,9.0,1027.25,3
291,2022-03-24,8,67.3,60,29,39.9,80.0,0.4843,38.744,2.71,9.0,1027.25,3
292,2022-03-25,1,67.3,33,56,39.6,79.2,0.4843,38.35656,1.67,9.0,1027.25,3
293,2022-03-25,1,67.3,33,56,39.6,79.2,0.4843,38.35656,1.67,9.0,1027.25,3
294,2022-03-25,1,67.3,33,56,39.6,79.2,0.4843,38.35656,1.67,9.0,1027.25,3
295,2022-03-28,5,72.0,25,21,39.8,80.0,0.4843,38.744,5.83,10.0,1020.25,3
296,2022-03-28,8,72.0,25,21,39.8,80.0,0.4843,38.744,5.83,10.0,1020.25,3
297,2022-03-28,10,72.0,25,21,39.8,80.0,0.4843,38.744,5.83,10.0,1020.25,3
298,2022-03-29,1,72.0,25,29,39.7,79.2,0.4843,38.35656,4.31,10.0,1009.25,3
299,2022-03-29,5,72.0,25,29,39.7,79.2,0.4843,38.35656,4.31,10.0,1009.25,3
300,2022-03-29,5,72.0,25,29,39.7,79.2,0.4843,38.35656,4.31,10.0,1009.25,3
301,2022-03-30,1,72.0,20,46,39.6,79.2,0.4843,38.35656,5.0,10.5,1004.25,3
302,2022-03-30,1,72.0,20,46,39.6,79.2,0.4843,38.35656,5.0,10.5,1004.25,3
303,2022-03-30,1,72.0,20,46,39.6,79.2,0.4843,38.35656,5.0,10.5,1004.25,3
304,2022-03-31,1,72.0,14,57,39.6,79.2,0.4843,38.35656,5.76,3.0,1002.25,3
305,2022-03-31,1,72.0,14,57,39.6,79.2,0.4843,38.35656,5.76,3.0,1002.25,3
306,2022-03-31,1,72.0,14,57,39.6,79.2,0.4843,38.35656,5.76,3.0,1002.25,3
307,2022-01-04,1,72.0,12,62,39.8,79.2,0.4843,38.35656,4.24,0.5,998.5,1
308,2022-01-04,1,72.0,12,62,39.8,79.2,0.4843,38.35656,4.24,0.5,998.5,1
309,2022-01-04,1,72.0,12,62,39.8,79.2,0.4843,38.35656,4.24,0.5,998.5,1
310,2022-04-04,5,13.2,2,7,39.6,79.2,0.4843,38.35656,7.5,1.0,1014.5,4
311,2022-04-04,8,13.2,2,7,39.6,79.2,0.4843,38.35656,7.5,1.0,1014.5,4
312,2022-04-04,15,13.2,2,7,39.6,79.2,0.4843,38.35656,7.5,1.0,1014.5,4
313,2022-05-04,5,13.2,1,10,40.0,80.1,0.4843,38.79243,8.26,4.5,1005.0,5
314,2022-05-04,8,13.2,1,10,40.0,80.1,0.4843,38.79243,8.26,4.5,1005.0,5
315,2022-05-04,15,13.2,1,10,40.0,80.1,0.4843,38.79243,8.26,4.5,1005.0,5
316,2022-06-04,5,17.7,3,9,40.0,80.1,0.4843,38.79243,6.74,10.0,1006.25,6
317,2022-06-04,8,17.7,3,9,40.0,80.1,0.4843,38.79243,6.74,10.0,1006.25,6
318,2022-06-04,15,17.7,3,9,40.0,80.1,0.4843,38.79243,6.74,10.0,1006.25,6
319,2022-07-04,5,17.7,8,11,39.9,80.0,0.4843,38.744,9.65,11.5,995.75,7
320,2022-07-04,8,17.7,8,11,39.9,80.0,0.4843,38.744,9.65,11.5,995.75,7
321,2022-07-04,15,17.7,8,11,39.9,80.0,0.4843,38.744,9.65,11.5,995.75,7
322,2022-08-04,5,22.2,10,8,39.9,80.0,0.4843,38.744,8.4,9.0,999.75,8
323,2022-08-04,8,22.2,10,8,39.9,80.0,0.4843,38.744,8.4,9.0,999.75,8
324,2022-08-04,15,22.2,10,8,39.9,80.0,0.4843,38.744,8.4,9.0,999.75,8
325,2022-11-04,5,22.2,9,19,39.8,79.2,0.4843,38.35656,4.79,4.0,1020.5,11
326,2022-11-04,8,22.2,9,19,39.8,79.2,0.4843,38.35656,4.79,4.0,1020.5,11
327,2022-11-04,15,22.2,9,19,39.8,79.2,0.4843,38.35656,4.79,4.0,1020.5,11
328,2022-12-04,5,26.7,26,4,39.8,79.2,0.4843,38.35656,3.06,6.0,1022.0,12
329,2022-12-04,8,26.7,26,4,39.8,79.2,0.4843,38.35656,3.06,6.0,1022.0,12
330,2022-12-04,15,26.7,26,4,39.8,79.2,0.4843,38.35656,3.06,6.0,1022.0,12
331,2022-04-13,5,26.7,4,24,39.7,79.2,0.4843,38.35656,4.24,7.5,1022.75,4
332,2022-04-13,8,26.7,4,24,39.7,79.2,0.4843,38.35656,4.24,7.5,1022.75,4
333,2022-04-13,15,26.7,4,24,39.7,79.2,0.4843,38.35656,4.24,7.5,1022.75,4
334,2022-04-14,5,31.3,30,5,39.6,79.2,0.4843,38.35656,2.01,12.0,1019.5,4
335,2022-04-14,8,31.3,30,5,39.6,79.2,0.4843,38.35656,2.01,12.0,1019.5,4
336,2022-04-14,15,31.3,30,5,39.6,79.2,0.4843,38.35656,2.01,12.0,1019.5,4
337,2022-04-15,5,31.3,2,20,39.8,80.0,0.4843,38.744,5.56,11.0,1027.5,4
338,2022-04-15,8,31.3,2,20,39.8,80.0,0.4843,38.744,5.56,11.0,1027.5,4
339,2022-04-15,15,31.3,2,20,39.8,80.0,0.4843,38.744,5.56,11.0,1027.5,4
340,2022-04-18,5,35.8,5,10,39.7,79.2,0.4843,38.35656,3.89,5.0,1020.0,4
341,2022-04-18,8,35.8,5,10,39.7,79.2,0.4843,38.35656,3.89,5.0,1020.0,4
342,2022-04-18,15,35.8,5,10,39.7,79.2,0.4843,38.35656,3.89,5.0,1020.0,4
343,2022-04-19,5,35.8,4,24,39.6,79.2,0.4843,38.35656,3.82,5.0,1013.0,4
344,2022-04-19,8,35.8,4,24,39.6,79.2,0.4843,38.35656,3.82,5.0,1013.0,4
345,2022-04-19,15,35.8,4,24,39.6,79.2,0.4843,38.35656,3.82,5.0,1013.0,4
346,2022-04-20,5,35.8,10,24,39.6,79.2,0.4843,38.35656,5.07,4.0,1011.0,4
347,2022-04-20,8,35.8,10,24,39.6,79.2,0.4843,38.35656,5.07,4.0,1011.0,4
348,2022-04-20,15,35.8,10,24,39.6,79.2,0.4843,38.35656,5.07,4.0,1011.0,4
349,2022-04-21,5,40.3,10,7,39.8,79.2,0.4843,38.35656,3.13,7.0,1015.0,4
350,2022-04-21,8,40.3,10,7,39.8,79.2,0.4843,38.35656,3.13,7.0,1015.0,4
351,2022-04-21,15,40.3,10,7,39.8,79.2,0.4843,38.35656,3.13,7.0,1015.0,4
352,2022-04-22,5,40.3,12,22,39.6,79.2,0.4843,38.35656,6.6,7.0,1013.0,4
353,2022-04-22,8,40.3,12,22,39.6,79.2,0.4843,38.35656,6.6,7.0,1013.0,4
354,2022-04-22,15,40.3,12,22,39.6,79.2,0.4843,38.35656,6.6,7.0,1013.0,4
355,2022-04-25,1,40.3,13,32,40.0,80.1,0.4843,38.79243,7.01,10.0,1000.0,4
356,2022-04-25,5,40.3,13,32,40.0,80.1,0.4843,38.79243,7.01,10.0,1000.0,4
357,2022-04-25,8,40.3,13,32,40.0,80.1,0.4843,38.79243,7.01,10.0,1000.0,4
358,2022-04-26,5,44.8,5,7,40.0,80.1,0.4843,38.79243,3.54,8.0,1006.0,4
359,2022-04-26,8,44.8,5,7,40.0,80.1,0.4843,38.79243,3.54,8.0,1006.0,4
360,2022-04-26,15,44.8,5,7,40.0,80.1,0.4843,38.79243,3.54,8.0,1006.0,4
361,2022-04-27,1,44.8,4,40,39.6,79.2,0.4843,38.35656,3.06,8.5,1023.0,4
362,2022-04-27,5,44.8,4,40,39.6,79.2,0.4843,38.35656,3.06,8.5,1023.0,4
363,2022-04-27,8,44.8,4,40,39.6,79.2,0.4843,38.35656,3.06,8.5,1023.0,4
364,2022-04-28,5,49.3,5,9,39.8,80.0,0.4843,38.744,4.03,10.0,1022.0,4
365,2022-04-28,8,49.3,5,9,39.8,80.0,0.4843,38.744,4.03,10.0,1022.0,4
366,2022-04-28,15,49.3,5,9,39.8,80.0,0.4843,38.744,4.03,10.0,1022.0,4
367,2022-04-29,5,49.3,6,24,39.7,79.2,0.4843,38.35656,2.5,12.0,1011.0,4
368,2022-04-29,8,49.3,6,24,39.7,79.2,0.4843,38.35656,2.5,12.0,1011.0,4
369,2022-04-29,15,49.3,6,24,39.7,79.2,0.4843,38.35656,2.5,12.0,1011.0,4
370,2022-02-05,1,49.3,5,42,39.6,79.2,0.4843,38.35656,2.71,13.5,1023.0,2
371,2022-02-05,5,49.3,5,42,39.6,79.2,0.4843,38.35656,2.71,13.5,1023.0,2
372,2022-02-05,8,49.3,5,42,39.6,79.2,0.4843,38.35656,2.71,13.5,1023.0,2
373,2022-04-05,1,49.3,3,40,39.6,79.2,0.4843,38.35656,2.5,15.0,1011.0,4
374,2022-04-05,5,49.3,3,40,39.6,79.2,0.4843,38.35656,2.5,15.0,1011.0,4
375,2022-04-05,5,49.3,3,40,39.6,79.2,0.4843,38.35656,2.5,15.0,1011.0,4
376,2022-05-05,5,53.8,16,10,39.8,79.2,0.4843,38.35656,4.44,14.0,1012.0,5
377,2022-05-05,8,53.8,16,10,39.8,79.2,0.4843,38.35656,4.44,14.0,1012.0,5
378,2022-05-05,15,53.8,16,10,39.8,79.2,0.4843,38.35656,4.44,14.0,1012.0,5
379,2022-06-05,1,53.8,3,38,39.6,79.2,0.4843,38.35656,2.01,14.0,1019.0,6
380,2022-06-05,5,53.8,3,38,39.6,79.2,0.4843,38.35656,2.01,14.0,1019.0,6
381,2022-06-05,8,53.8,3,38,39.6,79.2,0.4843,38.35656,2.01,14.0,1019.0,6
382,2022-09-05,1,53.8,11,48,40.0,80.1,0.4843,38.79243,3.96,15.0,1026.5,9
383,2022-09-05,5,53.8,11,48,40.0,80.1,0.4843,38.79243,3.96,15.0,1026.5,9
384,2022-09-05,5,53.8,11,48,40.0,80.1,0.4843,38.79243,3.96,15.0,1026.5,9
385,2022-10-05,5,58.3,20,11,40.0,80.1,0.4843,38.79243,3.19,12.0,1022.0,10
386,2022-10-05,8,58.3,20,11,40.0,80.1,0.4843,38.79243,3.19,12.0,1022.0,10
387,2022-10-05,15,58.3,20,11,40.0,80.1,0.4843,38.79243,3.19,12.0,1022.0,10
388,2022-11-05,1,58.3,25,34,39.9,80.0,0.4843,38.744,4.86,17.0,1015.5,11
389,2022-11-05,5,58.3,25,34,39.9,80.0,0.4843,38.744,4.86,17.0,1015.5,11
390,2022-11-05,8,58.3,25,34,39.9,80.0,0.4843,38.744,4.86,17.0,1015.5,11
391,2022-12-05,1,58.3,5,52,39.9,80.0,0.4843,38.744,7.15,18.0,1013.75,12
392,2022-12-05,1,58.3,5,52,39.9,80.0,0.4843,38.744,7.15,18.0,1013.75,12
393,2022-12-05,1,58.3,5,52,39.9,80.0,0.4843,38.744,7.15,18.0,1013.75,12
394,2022-05-13,5,62.8,30,12,39.8,79.2,0.4843,38.35656,5.9,15.0,1015.25,5
395,2022-05-13,8,62.8,30,12,39.8,79.2,0.4843,38.35656,5.9,15.0,1015.25,5
396,2022-05-13,15,62.8,30,12,39.8,79.2,0.4843,38.35656,5.9,15.0,1015.25,5
397,2022-05-16,1,62.8,30,27,39.8,79.2,0.4843,38.35656,2.5,15.0,1019.25,5
398,2022-05-16,5,62.8,30,27,39.8,79.2,0.4843,38.35656,2.5,15.0,1019.25,5
399,2022-05-16,8,62.8,30,27,39.8,79.2,0.4843,38.35656,2.5,15.0,1019.25,5
400,2022-05-17,1,62.8,3,48,39.7,79.2,0.4843,38.35656,4.51,14.0,1017.5,5
401,2022-05-17,5,62.8,3,48,39.7,79.2,0.4843,38.35656,4.51,14.0,1017.5,5
402,2022-05-17,5,62.8,3,48,39.7,79.2,0.4843,38.35656,4.51,14.0,1017.5,5
403,2022-05-18,1,62.8,4,56,39.8,79.2,0.4843,38.35656,3.61,10.0,1029.25,5
404,2022-05-18,1,62.8,4,56,39.8,79.2,0.4843,38.35656,3.61,10.0,1029.25,5
405,2022-05-18,1,62.8,4,56,39.8,79.2,0.4843,38.35656,3.61,10.0,1029.25,5
406,2022-05-19,1,67.3,30,14,39.7,79.2,0.4843,38.35656,2.29,15.0,1025.25,5
407,2022-05-19,5,67.3,30,14,39.7,79.2,0.4843,38.35656,2.29,15.0,1025.25,5
408,2022-05-19,8,67.3,30,14,39.7,79.2,0.4843,38.35656,2.29,15.0,1025.25,5
409,2022-05-20,1,67.3,3,44,39.9,80.0,0.4843,38.744,5.56,18.0,1020.25,5
410,2022-05-20,5,67.3,3,44,39.9,80.0,0.4843,38.744,5.56,18.0,1020.25,5
411,2022-05-20,5,67.3,3,44,39.9,80.0,0.4843,38.744,5.56,18.0,1020.25,5
412,2022-05-23,1,67.3,2,56,39.8,79.2,0.4843,38.35656,3.82,12.0,1013.5,5
413,2022-05-23,1,67.3,2,56,39.8,79.2,0.4843,38.35656,3.82,12.0,1013.5,5
414,2022-05-23,1,67.3,2,56,39.8,79.2,0.4843,38.35656,3.82,12.0,1013.5,5
415,2022-05-24,1,72.0,30,14,39.8,79.2,0.4843,38.35656,2.57,15.0,1009.0,5
416,2022-05-24,5,72.0,30,14,39.8,79.2,0.4843,38.35656,2.57,15.0,1009.0,5
417,2022-05-24,8,72.0,30,14,39.8,79.2,0.4843,38.35656,2.57,15.0,1009.0,5
418,2022-05-25,1,72.0,40,38,39.7,79.2,0.4843,38.35656,5.69,14.0,1013.5,5
419,2022-05-25,1,72.0,40,38,39.7,79.2,0.4843,38.35656,5.69,14.0,1013.5,5
420,2022-05-25,1,72.0,40,38,39.7,79.2,0.4843,38.35656,5.69,14.0,1013.5,5
421,2022-05-26,1,72.0,30,52,39.8,79.2,0.4843,38.35656,6.94,15.0,1018.25,5
422,2022-05-26,1,72.0,30,52,39.8,79.2,0.4843,38.35656,6.94,15.0,1018.25,5
423,2022-05-26,1,72.0,30,52,39.8,79.2,0.4843,38.35656,6.94,15.0,1018.25,5
424,2022-05-27,1,72.0,23,67,39.7,79.2,0.4843,38.35656,8.06,15.0,1013.5,5
425,2022-05-27,1,72.0,23,67,39.7,79.2,0.4843,38.35656,8.06,15.0,1013.5,5
426,2022-05-27,1,72.0,23,67,39.7,79.2,0.4843,38.35656,8.06,15.0,1013.5,5
427,2022-06-21,5,13.2,13,36,39.6,79.2,0.4843,38.35656,7.71,15.0,1012.0,6
428,2022-06-21,8,13.2,13,36,39.6,79.2,0.4843,38.35656,7.71,15.0,1012.0,6
429,2022-06-21,15,13.2,13,36,39.6,79.2,0.4843,38.35656,7.71,15.0,1012.0,6
430,2022-06-22,5,17.7,43,7,39.8,79.2,0.4843,38.35656,3.54,16.0,1012.0,6
431,2022-06-22,8,17.7,43,7,39.8,79.2,0.4843,38.35656,3.54,16.0,1012.0,6
432,2022-06-22,15,17.7,43,7,39.8,79.2,0.4843,38.35656,3.54,16.0,1012.0,6
433,2022-06-23,5,22.2,15,40,39.6,79.2,0.4843,38.35656,3.33,18.0,1016.0,6
434,2022-06-23,8,22.2,15,40,39.6,79.2,0.4843,38.35656,3.33,18.0,1016.0,6
435,2022-06-23,15,22.2,15,40,39.6,79.2,0.4843,38.35656,3.33,18.0,1016.0,6
436,2022-06-24,5,26.7,47,9,40.0,80.1,0.4843,38.79243,6.04,20.0,1013.0,6
437,2022-06-24,8,26.7,47,9,40.0,80.1,0.4843,38.79243,6.04,20.0,1013.0,6
438,2022-06-24,15,26.7,47,9,40.0,80.1,0.4843,38.79243,6.04,20.0,1013.0,6
439,2022-06-27,5,26.7,42,24,39.6,79.2,0.4843,38.35656,3.68,23.0,1017.0,6
440,2022-06-27,8,26.7,42,24,39.6,79.2,0.4843,38.35656,3.68,23.0,1017.0,6
441,2022-06-27,15,26.7,42,24,39.6,79.2,0.4843,38.35656,3.68,23.0,1017.0,6
442,2022-06-28,5,31.3,28,42,39.8,79.2,0.4843,38.35656,5.49,25.0,1017.0,6
443,2022-06-28,8,31.3,28,42,39.8,79.2,0.4843,38.35656,5.49,25.0,1017.0,6
444,2022-06-28,15,31.3,28,42,39.8,79.2,0.4843,38.35656,5.49,25.0,1017.0,6
445,2022-06-29,5,31.3,11,46,39.6,79.2,0.4843,38.35656,6.25,23.0,1015.0,6
446,2022-06-29,8,31.3,11,46,39.6,79.2,0.4843,38.35656,6.25,23.0,1015.0,6
447,2022-06-29,15,31.3,11,46,39.6,79.2,0.4843,38.35656,6.25,23.0,1015.0,6
448,2022-06-30,5,35.8,51,10,40.0,80.1,0.4843,38.79243,4.86,26.0,1012.0,6
449,2022-06-30,8,35.8,51,10,40.0,80.1,0.4843,38.79243,4.86,26.0,1012.0,6
450,2022-06-30,15,35.8,51,10,40.0,80.1,0.4843,38.79243,4.86,26.0,1012.0,6
451,2022-01-07,5,13.2,36,38,40.0,80.1,0.4843,38.79243,6.94,28.0,1011.0,1
452,2022-01-07,8,13.2,36,38,40.0,80.1,0.4843,38.79243,6.94,28.0,1011.0,1
453,2022-01-07,15,13.2,36,38,40.0,80.1,0.4843,38.79243,6.94,28.0,1011.0,1
454,2022-04-07,5,13.2,19,48,39.6,79.2,0.4843,38.35656,2.71,22.0,1016.0,4
455,2022-04-07,8,13.2,19,48,39.6,79.2,0.4843,38.35656,2.71,22.0,1016.0,4
456,2022-04-07,15,13.2,19,48,39.6,79.2,0.4843,38.35656,2.71,22.0,1016.0,4
457,2022-05-07,5,17.7,57,11,39.8,79.2,0.4843,38.35656,3.82,18.0,1018.0,5
458,2022-05-07,8,17.7,57,11,39.8,79.2,0.4843,38.35656,3.82,18.0,1018.0,5
459,2022-05-07,15,17.7,57,11,39.8,79.2,0.4843,38.35656,3.82,18.0,1018.0,5
460,2022-06-07,5,17.7,46,34,39.6,79.2,0.4843,38.35656,4.31,18.0,1018.0,6
461,2022-06-07,8,17.7,46,34,39.6,79.2,0.4843,38.35656,4.31,18.0,1018.0,6
462,2022-06-07,15,17.7,46,34,39.6,79.2,0.4843,38.35656,4.31,18.0,1018.0,6
463,2022-07-07,5,22.2,21,52,40.0,80.1,0.4843,38.79243,3.47,17.0,1017.0,7
464,2022-07-07,8,22.2,21,52,40.0,80.1,0.4843,38.79243,3.47,17.0,1017.0,7
465,2022-07-07,15,22.2,21,52,40.0,80.1,0.4843,38.79243,3.47,17.0,1017.0,7
466,2022-08-07,5,22.2,61,12,39.6,79.2,0.4843,38.35656,4.86,17.0,1022.0,8
467,2022-08-07,8,22.2,61,12,39.6,79.2,0.4843,38.35656,4.86,17.0,1022.0,8
468,2022-08-07,15,22.2,61,12,39.6,79.2,0.4843,38.35656,4.86,17.0,1022.0,8
469,2022-11-07,5,26.7,56,27,39.8,79.2,0.4843,38.35656,4.86,14.0,1018.0,11
470,2022-11-07,8,26.7,56,27,39.8,79.2,0.4843,38.35656,4.86,14.0,1018.0,11
471,2022-11-07,15,26.7,56,27,39.8,79.2,0.4843,38.35656,4.86,14.0,1018.0,11
472,2022-12-07,5,26.7,38,48,39.6,79.2,0.4843,38.35656,6.53,15.0,1019.0,12
473,2022-12-07,8,26.7,38,48,39.6,79.2,0.4843,38.35656,6.53,15.0,1019.0,12
474,2022-12-07,15,26.7,38,48,39.6,79.2,0.4843,38.35656,6.53,15.0,1019.0,12
475,2022-07-13,5,31.3,18,57,39.6,79.2,0.4843,38.35656,6.94,18.0,1017.0,7
476,2022-07-13,8,31.3,18,57,39.6,79.2,0.4843,38.35656,6.94,18.0,1017.0,7
477,2022-07-13,15,31.3,18,57,39.6,79.2,0.4843,38.35656,6.94,18.0,1017.0,7
478,2022-07-14,5,31.3,65,14,39.8,79.2,0.4843,38.35656,5.56,22.0,1014.0,7
479,2022-07-14,8,31.3,65,14,39.8,79.2,0.4843,38.35656,5.56,22.0,1014.0,7
480,2022-07-14,15,31.3,65,14,39.8,79.2,0.4843,38.35656,5.56,22.0,1014.0,7
481,2022-07-15,5,35.8,49,44,39.6,79.2,0.4843,38.35656,5.49,18.0,1017.0,7
482,2022-07-15,8,35.8,49,44,39.6,79.2,0.4843,38.35656,5.49,18.0,1017.0,7
483,2022-07-15,15,35.8,49,44,39.6,79.2,0.4843,38.35656,5.49,18.0,1017.0,7
484,2022-07-18,5,35.8,21,62,40.0,80.1,0.4843,38.79243,2.5,19.0,1024.0,7
485,2022-07-18,8,35.8,21,62,40.0,80.1,0.4843,38.79243,2.5,19.0,1024.0,7
486,2022-07-18,15,35.8,21,62,40.0,80.1,0.4843,38.79243,2.5,19.0,1024.0,7
487,2022-07-19,5,35.8,71,14,39.6,79.2,0.4843,38.35656,2.22,21.0,1021.0,7
488,2022-07-19,8,35.8,71,14,39.6,79.2,0.4843,38.35656,2.22,21.0,1021.0,7
489,2022-07-19,15,35.8,71,14,39.6,79.2,0.4843,38.35656,2.22,21.0,1021.0,7
490,2022-07-20,5,40.3,60,38,39.8,79.2,0.4843,38.35656,2.78,24.0,1020.0,7
491,2022-07-20,8,40.3,60,38,39.8,79.2,0.4843,38.35656,2.78,24.0,1020.0,7
492,2022-07-20,15,40.3,60,38,39.8,79.2,0.4843,38.35656,2.78,24.0,1020.0,7
493,2022-07-21,5,40.3,48,52,39.6,79.2,0.4843,38.35656,3.89,24.0,1019.0,7
494,2022-07-21,8,40.3,48,52,39.6,79.2,0.4843,38.35656,3.89,24.0,1019.0,7
495,2022-07-21,15,40.3,48,52,39.6,79.2,0.4843,38.35656,3.89,24.0,1019.0,7
496,2022-07-22,1,40.3,23,67,40.0,80.1,0.4843,38.79243,3.68,24.0,1018.0,7
497,2022-07-22,5,40.3,23,67,40.0,80.1,0.4843,38.79243,3.68,24.0,1018.0,7
498,2022-07-22,8,40.3,23,67,40.0,80.1,0.4843,38.79243,3.68,24.0,1018.0,7
499,2022-07-25,5,44.8,9,7,40.0,80.1,0.4843,38.79243,2.5,21.0,1015.25,7
500,2022-07-25,8,44.8,9,7,40.0,80.1,0.4843,38.79243,2.5,21.0,1015.25,7
501,2022-07-25,15,44.8,9,7,40.0,80.1,0.4843,38.79243,2.5,21.0,1015.25,7
502,2022-07-26,1,44.8,15,8,39.6,79.2,0.4843,38.35656,6.46,18.0,1012.75,7
503,2022-07-26,5,44.8,15,8,39.6,79.2,0.4843,38.35656,6.46,18.0,1012.75,7
504,2022-07-26,8,44.8,15,8,39.6,79.2,0.4843,38.35656,6.46,18.0,1012.75,7
505,2022-07-27,5,49.3,19,10,39.8,79.2,0.4843,38.35656,3.19,19.0,1015.0,7
506,2022-07-27,8,49.3,19,10,39.8,79.2,0.4843,38.35656,3.19,19.0,1015.0,7
507,2022-07-27,15,49.3,19,10,39.8,79.2,0.4843,38.35656,3.19,19.0,1015.0,7
508,2022-07-28,5,49.3,24,10,39.6,79.2,0.4843,38.35656,2.15,19.0,1018.0,7
509,2022-07-28,8,49.3,24,10,39.6,79.2,0.4843,38.35656,2.15,19.0,1018.0,7
510,2022-07-28,15,49.3,24,10,39.6,79.2,0.4843,38.35656,2.15,19.0,1018.0,7
511,2022-07-29,1,49.3,15,20,40.0,80.1,0.4843,38.79243,5.0,21.0,1017.0,7
512,2022-07-29,5,49.3,15,20,40.0,80.1,0.4843,38.79243,5.0,21.0,1017.0,7
513,2022-07-29,8,49.3,15,20,40.0,80.1,0.4843,38.79243,5.0,21.0,1017.0,7
514,2022-01-08,1,49.3,26,16,39.6,79.2,0.4843,38.35656,3.06,18.0,1014.0,1
515,2022-01-08,5,49.3,26,16,39.6,79.2,0.4843,38.35656,3.06,18.0,1014.0,1
516,2022-01-08,5,49.3,26,16,39.6,79.2,0.4843,38.35656,3.06,18.0,1014.0,1
517,2022-02-08,5,53.8,14,28,39.8,79.2,0.4843,38.35656,3.96,20.0,1017.0,2
518,2022-02-08,8,53.8,14,28,39.8,79.2,0.4843,38.35656,3.96,20.0,1017.0,2
519,2022-02-08,15,53.8,14,28,39.8,79.2,0.4843,38.35656,3.96,20.0,1017.0,2
520,2022-03-08,1,53.8,33,11,39.6,79.2,0.4843,38.35656,2.78,21.0,1018.0,3
521,2022-03-08,5,53.8,33,11,39.6,79.2,0.4843,38.35656,2.78,21.0,1018.0,3
522,2022-03-08,8,53.8,33,11,39.6,79.2,0.4843,38.35656,2.78,21.0,1018.0,3
523,2022-04-08,1,53.8,19,28,39.6,79.2,0.4843,38.35656,3.82,21.0,1018.0,4
524,2022-04-08,5,53.8,19,28,39.6,79.2,0.4843,38.35656,3.82,21.0,1018.0,4
525,2022-04-08,5,53.8,19,28,39.6,79.2,0.4843,38.35656,3.82,21.0,1018.0,4
526,2022-05-08,5,58.3,21,32,39.8,79.2,0.4843,38.35656,1.94,24.0,1014.0,5
527,2022-05-08,8,58.3,21,32,39.8,79.2,0.4843,38.35656,1.94,24.0,1014.0,5
528,2022-05-08,15,58.3,21,32,39.8,79.2,0.4843,38.35656,1.94,24.0,1014.0,5
529,2022-08-08,1,58.3,37,21,39.6,79.2,0.4843,38.35656,3.47,17.0,1023.0,8
530,2022-08-08,5,58.3,37,21,39.6,79.2,0.4843,38.35656,3.47,17.0,1023.0,8
531,2022-08-08,8,58.3,37,21,39.6,79.2,0.4843,38.35656,3.47,17.0,1023.0,8
532,2022-09-08,1,58.3,26,34,40.0,80.1,0.4843,38.79243,6.94,18.0,1024.0,9
533,2022-09-08,1,58.3,26,34,40.0,80.1,0.4843,38.79243,6.94,18.0,1024.0,9
534,2022-09-08,1,58.3,26,34,40.0,80.1,0.4843,38.79243,6.94,18.0,1024.0,9
535,2022-10-08,5,62.8,36,32,39.6,79.2,0.4843,38.35656,3.4,18.0,1024.0,10
536,2022-10-08,8,62.8,36,32,39.6,79.2,0.4843,38.35656,3.4,18.0,1024.0,10
537,2022-10-08,15,62.8,36,32,39.6,79.2,0.4843,38.35656,3.4,18.0,1024.0,10
538,2022-11-08,1,62.8,47,24,39.8,79.2,0.4843,38.35656,5.35,19.0,1022.0,11
539,2022-11-08,5,62.8,47,24,39.8,79.2,0.4843,38.35656,5.35,19.0,1022.0,11
540,2022-11-08,8,62.8,47,24,39.8,79.2,0.4843,38.35656,5.35,19.0,1022.0,11
541,2022-12-08,1,62.8,55,18,39.6,79.2,0.4843,38.35656,5.28,18.0,1020.0,12
542,2022-12-08,5,62.8,55,18,39.6,79.2,0.4843,38.35656,5.28,18.0,1020.0,12
543,2022-12-08,5,62.8,55,18,39.6,79.2,0.4843,38.35656,5.28,18.0,1020.0,12
544,2022-08-16,1,62.8,32,46,40.0,80.1,0.4843,38.79243,4.44,23.0,1009.0,8
545,2022-08-16,1,62.8,32,46,40.0,80.1,0.4843,38.79243,4.44,23.0,1009.0,8
546,2022-08-16,1,62.8,32,46,40.0,80.1,0.4843,38.79243,4.44,23.0,1009.0,8
547,2022-08-17,1,67.3,58,20,39.6,79.2,0.4843,38.35656,3.82,24.0,1011.0,8
548,2022-08-17,5,67.3,58,20,39.6,79.2,0.4843,38.35656,3.82,24.0,1011.0,8
549,2022-08-17,8,67.3,58,20,39.6,79.2,0.4843,38.35656,3.82,24.0,1011.0,8
550,2022-08-18,1,67.3,45,42,39.8,79.2,0.4843,38.35656,3.06,23.0,1012.0,8
551,2022-08-18,5,67.3,45,42,39.8,79.2,0.4843,38.35656,3.06,23.0,1012.0,8
552,2022-08-18,5,67.3,45,42,39.8,79.2,0.4843,38.35656,3.06,23.0,1012.0,8
553,2022-08-19,1,67.3,60,29,39.6,79.2,0.4843,38.35656,3.47,25.0,1010.0,8
554,2022-08-19,1,67.3,60,29,39.6,79.2,0.4843,38.35656,3.47,25.0,1010.0,8
555,2022-08-19,1,67.3,60,29,39.6,79.2,0.4843,38.35656,3.47,25.0,1010.0,8
556,2022-08-22,1,72.0,33,56,40.0,80.1,0.4843,38.79243,3.47,20.0,1011.0,8
557,2022-08-22,5,72.0,33,56,40.0,80.1,0.4843,38.79243,3.47,20.0,1011.0,8
558,2022-08-22,8,72.0,33,56,40.0,80.1,0.4843,38.79243,3.47,20.0,1011.0,8
559,2022-08-23,1,72.0,68,21,40.0,80.1,0.4843,38.79243,3.75,20.0,1014.0,8
560,2022-08-23,1,72.0,68,21,40.0,80.1,0.4843,38.79243,3.75,20.0,1014.0,8
561,2022-08-23,1,72.0,68,21,40.0,80.1,0.4843,38.79243,3.75,20.0,1014.0,8
562,2022-08-24,1,72.0,65,29,39.6,79.2,0.4843,38.35656,2.64,21.0,1018.0,8
563,2022-08-24,1,72.0,65,29,39.6,79.2,0.4843,38.35656,2.64,21.0,1018.0,8
564,2022-08-24,1,72.0,65,29,39.6,79.2,0.4843,38.35656,2.64,21.0,1018.0,8
565,2022-08-25,1,72.0,53,46,39.8,79.2,0.4843,38.35656,2.64,22.0,1016.0,8
566,2022-08-25,1,72.0,53,46,39.8,79.2,0.4843,38.35656,2.64,22.0,1016.0,8
567,2022-08-25,1,72.0,53,46,39.8,79.2,0.4843,38.35656,2.64,22.0,1016.0,8
568,2022-08-26,5,13.2,40,57,39.6,79.2,0.4843,38.35656,4.58,22.0,1013.0,8
569,2022-08-26,8,13.2,40,57,39.6,79.2,0.4843,38.35656,4.58,22.0,1013.0,8
570,2022-08-26,15,13.2,40,57,39.6,79.2,0.4843,38.35656,4.58,22.0,1013.0,8
571,2022-08-29,5,17.7,32,62,40.0,80.1,0.4843,38.79243,4.03,18.0,1018.0,8
572,2022-08-29,8,17.7,32,62,40.0,80.1,0.4843,38.79243,4.03,18.0,1018.0,8
573,2022-08-29,15,17.7,32,62,40.0,80.1,0.4843,38.79243,4.03,18.0,1018.0,8
574,2022-08-30,5,22.2,19,10,39.6,79.2,0.4843,38.35656,3.61,18.0,1019.0,8
575,2022-08-30,8,22.2,19,10,39.6,79.2,0.4843,38.35656,3.61,18.0,1019.0,8
576,2022-08-30,15,22.2,19,10,39.6,79.2,0.4843,38.35656,3.61,18.0,1019.0,8
577,2022-08-31,5,26.7,24,10,39.8,79.2,0.4843,38.35656,3.33,17.0,1020.0,8
578,2022-08-31,8,26.7,24,10,39.8,79.2,0.4843,38.35656,3.33,17.0,1020.0,8
579,2022-08-31,15,26.7,24,10,39.8,79.2,0.4843,38.35656,3.33,17.0,1020.0,8
580,2022-01-09,5,26.7,15,20,39.6,79.2,0.4843,38.35656,4.72,16.0,1019.0,1
581,2022-01-09,8,26.7,15,20,39.6,79.2,0.4843,38.35656,4.72,16.0,1019.0,1
582,2022-01-09,15,26.7,15,20,39.6,79.2,0.4843,38.35656,4.72,16.0,1019.0,1
583,2022-02-09,5,31.3,26,16,40.0,80.1,0.4843,38.79243,5.0,15.0,1019.0,2
584,2022-02-09,8,31.3,26,16,40.0,80.1,0.4843,38.79243,5.0,15.0,1019.0,2
585,2022-02-09,15,31.3,26,16,40.0,80.1,0.4843,38.79243,5.0,15.0,1019.0,2
586,2022-05-09,5,31.3,14,28,40.0,80.1,0.4843,38.79243,3.75,13.0,1025.0,5
587,2022-05-09,8,31.3,14,28,40.0,80.1,0.4843,38.79243,3.75,13.0,1025.0,5
588,2022-05-09,15,31.3,14,28,40.0,80.1,0.4843,38.79243,3.75,13.0,1025.0,5
589,2022-06-09,5,35.8,33,11,39.6,79.2,0.4843,38.35656,5.14,14.0,1022.0,6
590,2022-06-09,8,35.8,33,11,39.6,79.2,0.4843,38.35656,5.14,14.0,1022.0,6
591,2022-06-09,15,35.8,33,11,39.6,79.2,0.4843,38.35656,5.14,14.0,1022.0,6
592,2022-07-09,5,13.2,9,7,39.8,79.2,0.4843,38.35656,3.19,16.0,1017.0,7
593,2022-07-09,8,13.2,9,7,39.8,79.2,0.4843,38.35656,3.19,16.0,1017.0,7
594,2022-07-09,15,13.2,9,7,39.8,79.2,0.4843,38.35656,3.19,16.0,1017.0,7
595,2022-08-09,5,17.7,15,8,39.6,79.2,0.4843,38.35656,4.31,19.0,1011.0,8
596,2022-08-09,8,17.7,15,8,39.6,79.2,0.4843,38.35656,4.31,19.0,1011.0,8
597,2022-08-09,15,17.7,15,8,39.6,79.2,0.4843,38.35656,4.31,19.0,1011.0,8
598,2022-09-09,5,22.2,19,10,40.0,80.1,0.4843,38.79243,2.99,18.0,1014.0,9
599,2022-09-09,8,22.2,19,10,40.0,80.1,0.4843,38.79243,2.99,18.0,1014.0,9
600,2022-09-09,15,22.2,19,10,40.0,80.1,0.4843,38.79243,2.99,18.0,1014.0,9
601,2022-12-09,5,26.7,24,10,39.6,79.2,0.4843,38.35656,5.49,13.0,1015.0,12
602,2022-12-09,8,26.7,24,10,39.6,79.2,0.4843,38.35656,5.49,13.0,1015.0,12
603,2022-12-09,15,26.7,24,10,39.6,79.2,0.4843,38.35656,5.49,13.0,1015.0,12
604,2022-09-13,5,26.7,15,20,39.8,79.2,0.4843,38.35656,3.47,14.0,1012.0,9
605,2022-09-13,8,26.7,15,20,39.8,79.2,0.4843,38.35656,3.47,14.0,1012.0,9
606,2022-09-13,15,26.7,15,20,39.8,79.2,0.4843,38.35656,3.47,14.0,1012.0,9
607,2022-09-14,5,31.3,26,16,39.6,79.2,0.4843,38.35656,4.31,17.0,1006.0,9
608,2022-09-14,8,31.3,26,16,39.6,79.2,0.4843,38.35656,4.31,17.0,1006.0,9
609,2022-09-14,15,31.3,26,16,39.6,79.2,0.4843,38.35656,4.31,17.0,1006.0,9
610,2022-09-15,5,31.3,14,28,39.6,79.2,0.4843,38.35656,4.58,16.0,1004.0,9
611,2022-09-15,8,31.3,14,28,39.6,79.2,0.4843,38.35656,4.58,16.0,1004.0,9
612,2022-09-15,15,31.3,14,28,39.6,79.2,0.4843,38.35656,4.58,16.0,1004.0,9
613,2022-09-16,5,35.8,33,11,39.8,79.2,0.4843,38.35656,5.56,14.0,1007.0,9
614,2022-09-16,8,35.8,33,11,39.8,79.2,0.4843,38.35656,5.56,14.0,1007.0,9
615,2022-09-16,15,35.8,33,11,39.8,79.2,0.4843,38.35656,5.56,14.0,1007.0,9
616,2022-09-19,5,35.8,19,28,39.6,79.2,0.4843,38.35656,5.35,10.0,1011.0,9
617,2022-09-19,8,35.8,19,28,39.6,79.2,0.4843,38.35656,5.35,10.0,1011.0,9
618,2022-09-19,15,35.8,19,28,39.6,79.2,0.4843,38.35656,5.35,10.0,1011.0,9
619,2022-09-20,1,40.3,21,32,40.0,80.1,0.4843,38.79243,5.0,10.0,1017.0,9
620,2022-09-20,5,40.3,21,32,40.0,80.1,0.4843,38.79243,5.0,10.0,1017.0,9
621,2022-09-20,8,40.3,21,32,40.0,80.1,0.4843,38.79243,5.0,10.0,1017.0,9
622,2022-09-21,5,44.8,37,21,39.6,79.2,0.4843,38.35656,4.65,9.0,1022.0,9
623,2022-09-21,8,44.8,37,21,39.6,79.2,0.4843,38.35656,4.65,9.0,1022.0,9
624,2022-09-21,15,44.8,37,21,39.6,79.2,0.4843,38.35656,4.65,9.0,1022.0,9
625,2022-09-22,1,44.8,26,34,39.8,79.2,0.4843,38.35656,2.99,8.0,1022.0,9
626,2022-09-22,5,44.8,26,34,39.8,79.2,0.4843,38.35656,2.99,8.0,1022.0,9
627,2022-09-22,8,44.8,26,34,39.8,79.2,0.4843,38.35656,2.99,8.0,1022.0,9
628,2022-09-23,1,49.3,36,32,39.6,79.2,0.4843,38.35656,2.22,10.0,1020.0,9
629,2022-09-23,5,49.3,36,32,39.6,79.2,0.4843,38.35656,2.22,10.0,1020.0,9
630,2022-09-23,8,49.3,36,32,39.6,79.2,0.4843,38.35656,2.22,10.0,1020.0,9
631,2022-09-26,1,53.8,47,24,40.0,80.1,0.4843,38.79243,1.53,10.0,1007.0,9
632,2022-09-26,5,53.8,47,24,40.0,80.1,0.4843,38.79243,1.53,10.0,1007.0,9
633,2022-09-26,8,53.8,47,24,40.0,80.1,0.4843,38.79243,1.53,10.0,1007.0,9
634,2022-09-27,5,58.3,55,18,40.0,80.1,0.4843,38.79243,3.96,12.0,1000.0,9
635,2022-09-27,8,58.3,55,18,40.0,80.1,0.4843,38.79243,3.96,12.0,1000.0,9
636,2022-09-27,15,58.3,55,18,40.0,80.1,0.4843,38.79243,3.96,12.0,1000.0,9
637,2022-09-28,1,58.3,32,46,39.6,79.2,0.4843,38.35656,5.42,12.0,1000.0,9
638,2022-09-28,5,58.3,32,46,39.6,79.2,0.4843,38.35656,5.42,12.0,1000.0,9
639,2022-09-28,5,58.3,32,46,39.6,79.2,0.4843,38.35656,5.42,12.0,1000.0,9
640,2022-09-29,1,62.8,58,20,39.8,79.2,0.4843,38.35656,2.36,12.0,1005.0,9
641,2022-09-29,5,62.8,58,20,39.8,79.2,0.4843,38.35656,2.36,12.0,1005.0,9
642,2022-09-29,8,62.8,58,20,39.8,79.2,0.4843,38.35656,2.36,12.0,1005.0,9
643,2022-09-30,1,62.8,45,42,39.6,79.2,0.4843,38.35656,2.5,11.0,1012.0,9
644,2022-09-30,5,62.8,45,42,39.6,79.2,0.4843,38.35656,2.5,11.0,1012.0,9
645,2022-09-30,5,62.8,45,42,39.6,79.2,0.4843,38.35656,2.5,11.0,1012.0,9
646,2022-03-10,1,67.3,60,29,40.0,80.1,0.4843,38.79243,8.96,10.0,1015.0,3
647,2022-03-10,5,67.3,60,29,40.0,80.1,0.4843,38.79243,8.96,10.0,1015.0,3
648,2022-03-10,8,67.3,60,29,40.0,80.1,0.4843,38.79243,8.96,10.0,1015.0,3
649,2022-04-10,1,67.3,33,56,39.6,79.2,0.4843,38.35656,5.42,10.0,1021.0,4
650,2022-04-10,1,67.3,33,56,39.6,79.2,0.4843,38.35656,5.42,10.0,1021.0,4
651,2022-04-10,1,67.3,33,56,39.6,79.2,0.4843,38.35656,5.42,10.0,1021.0,4
652,2022-05-10,5,72.0,68,21,39.8,79.2,0.4843,38.35656,3.26,11.0,1023.0,5
653,2022-05-10,8,72.0,68,21,39.8,79.2,0.4843,38.35656,3.26,11.0,1023.0,5
654,2022-05-10,15,72.0,68,21,39.8,79.2,0.4843,38.35656,3.26,11.0,1023.0,5
655,2022-06-10,1,72.0,65,29,39.6,79.2,0.4843,38.35656,5.49,14.0,1027.0,6
656,2022-06-10,5,72.0,65,29,39.6,79.2,0.4843,38.35656,5.49,14.0,1027.0,6
657,2022-06-10,5,72.0,65,29,39.6,79.2,0.4843,38.35656,5.49,14.0,1027.0,6
658,2022-07-10,1,72.0,53,46,39.6,79.2,0.4843,38.35656,2.64,14.0,1026.0,7
659,2022-07-10,1,72.0,53,46,39.6,79.2,0.4843,38.35656,2.64,14.0,1026.0,7
660,2022-07-10,1,72.0,53,46,39.6,79.2,0.4843,38.35656,2.64,14.0,1026.0,7
661,2022-10-10,1,72.0,40,57,39.8,79.2,0.4843,38.35656,2.92,10.0,1023.0,10
662,2022-10-10,1,72.0,40,57,39.8,79.2,0.4843,38.35656,2.92,10.0,1023.0,10
663,2022-10-10,1,72.0,40,57,39.8,79.2,0.4843,38.35656,2.92,10.0,1023.0,10
664,2022-11-10,1,72.0,32,62,39.6,79.2,0.4843,38.35656,3.75,12.0,1024.0,11
665,2022-11-10,1,72.0,32,62,39.6,79.2,0.4843,38.35656,3.75,12.0,1024.0,11
666,2022-11-10,1,72.0,32,62,39.6,79.2,0.4843,38.35656,3.75,12.0,1024.0,11
667,2022-12-10,15,13.2,12,3,40.0,80.1,0.4843,38.79243,2.36,9.0,1026.0,12
668,2022-12-10,25,13.2,12,3,40.0,80.1,0.4843,38.79243,2.36,9.0,1026.0,12
669,2022-12-10,40,13.2,12,3,40.0,80.1,0.4843,38.79243,2.36,9.0,1026.0,12
670,2022-10-13,15,13.2,9,7,39.6,79.2,0.4843,38.35656,2.01,9.0,1023.0,10
671,2022-10-13,25,13.2,9,7,39.6,79.2,0.4843,38.35656,2.01,9.0,1023.0,10
672,2022-10-13,40,13.2,9,7,39.6,79.2,0.4843,38.35656,2.01,9.0,1023.0,10
673,2022-10-14,15,13.2,5,10,39.8,79.2,0.4843,38.35656,1.53,12.0,1018.0,10
674,2022-10-14,25,13.2,5,10,39.8,79.2,0.4843,38.35656,1.53,12.0,1018.0,10
675,2022-10-14,40,13.2,5,10,39.8,79.2,0.4843,38.35656,1.53,12.0,1018.0,10
676,2022-10-17,15,17.7,17,4,39.6,79.2,0.4843,38.35656,1.88,15.0,1028.0,10
677,2022-10-17,25,17.7,17,4,39.6,79.2,0.4843,38.35656,1.88,15.0,1028.0,10
678,2022-10-17,40,17.7,17,4,39.6,79.2,0.4843,38.35656,1.88,15.0,1028.0,10
679,2022-10-18,15,17.7,15,8,40.0,80.1,0.4843,38.79243,5.07,15.0,1024.0,10
680,2022-10-18,25,17.7,15,8,40.0,80.1,0.4843,38.79243,5.07,15.0,1024.0,10
681,2022-10-18,40,17.7,15,8,40.0,80.1,0.4843,38.79243,5.07,15.0,1024.0,10
682,2022-10-19,15,22.2,20,4,39.6,79.2,0.4843,38.35656,6.25,10.0,1024.0,10
683,2022-10-19,25,22.2,20,4,39.6,79.2,0.4843,38.35656,6.25,10.0,1024.0,10
684,2022-10-19,40,22.2,20,4,39.6,79.2,0.4843,38.35656,6.25,10.0,1024.0,10
685,2022-10-20,15,22.2,19,10,39.8,79.2,0.4843,38.35656,3.89,8.0,1027.0,10
686,2022-10-20,25,22.2,19,10,39.8,79.2,0.4843,38.35656,3.89,8.0,1027.0,10
687,2022-10-20,40,22.2,19,10,39.8,79.2,0.4843,38.35656,3.89,8.0,1027.0,10
688,2022-10-21,15,26.7,26,4,39.6,79.2,0.4843,38.35656,2.43,8.0,1018.0,10
689,2022-10-21,25,26.7,26,4,39.6,79.2,0.4843,38.35656,2.43,8.0,1018.0,10
690,2022-10-21,40,26.7,26,4,39.6,79.2,0.4843,38.35656,2.43,8.0,1018.0,10
691,2022-10-24,15,26.7,23,11,40.0,80.1,0.4843,38.79243,2.5,14.0,1015.0,10
692,2022-10-24,25,26.7,23,11,40.0,80.1,0.4843,38.79243,2.5,14.0,1015.0,10
693,2022-10-24,40,26.7,23,11,40.0,80.1,0.4843,38.79243,2.5,14.0,1015.0,10
694,2022-10-25,15,31.3,30,5,40.0,80.1,0.4843,38.79243,5.97,14.0,1017.0,10
695,2022-10-25,25,31.3,30,5,40.0,80.1,0.4843,38.79243,5.97,14.0,1017.0,10
696,2022-10-25,40,31.3,30,5,40.0,80.1,0.4843,38.79243,5.97,14.0,1017.0,10
697,2022-10-26,15,31.3,29,10,39.6,79.2,0.4843,38.35656,2.5,12.0,1021.0,10
698,2022-10-26,25,31.3,29,10,39.6,79.2,0.4843,38.35656,2.5,12.0,1021.0,10
699,2022-10-26,40,31.3,29,10,39.6,79.2,0.4843,38.35656,2.5,12.0,1021.0,10
700,2022-10-27,15,35.8,36,5,39.8,79.2,0.4843,38.35656,2.36,12.0,1028.0,10
701,2022-10-27,25,35.8,36,5,39.8,79.2,0.4843,38.35656,2.36,12.0,1028.0,10
702,2022-10-27,40,35.8,36,5,39.8,79.2,0.4843,38.35656,2.36,12.0,1028.0,10
703,2022-10-28,15,35.8,33,11,39.6,79.2,0.4843,38.35656,3.47,14.0,1025.0,10
704,2022-10-28,25,35.8,33,11,39.6,79.2,0.4843,38.35656,3.47,14.0,1025.0,10
705,2022-10-28,40,35.8,33,11,39.6,79.2,0.4843,38.35656,3.47,14.0,1025.0,10
706,2022-10-31,15,40.3,39,7,40.0,80.1,0.4843,38.79243,2.08,15.0,1021.0,10
707,2022-10-31,25,40.3,39,7,40.0,80.1,0.4843,38.79243,2.08,15.0,1021.0,10
708,2022-10-31,40,40.3,39,7,40.0,80.1,0.4843,38.79243,2.08,15.0,1021.0,10
709,2022-01-12,5,13.2,12,3,39.6,79.2,0.4843,38.35656,5.14,0.0,1027.0,1
710,2022-01-12,8,13.2,12,3,39.6,79.2,0.4843,38.35656,5.14,0.0,1027.0,1
711,2022-01-12,15,13.2,12,3,39.6,79.2,0.4843,38.35656,5.14,0.0,1027.0,1
712,2022-02-12,5,13.2,5,10,39.8,79.2,0.4843,38.35656,4.24,-1.0,1025.0,2
713,2022-02-12,8,13.2,5,10,39.8,79.2,0.4843,38.35656,4.24,-1.0,1025.0,2
714,2022-02-12,15,13.2,5,10,39.8,79.2,0.4843,38.35656,4.24,-1.0,1025.0,2
715,2022-05-12,5,17.7,17,4,39.6,79.2,0.4843,38.35656,1.67,2.0,1020.0,5
716,2022-05-12,8,17.7,17,4,39.6,79.2,0.4843,38.35656,1.67,2.0,1020.0,5
717,2022-05-12,15,17.7,17,4,39.6,79.2,0.4843,38.35656,1.67,2.0,1020.0,5
718,2022-06-12,5,17.7,8,14,40.0,80.1,0.4843,38.79243,5.28,3.0,1013.0,6
719,2022-06-12,8,17.7,8,14,40.0,80.1,0.4843,38.79243,5.28,3.0,1013.0,6
720,2022-06-12,15,17.7,8,14,40.0,80.1,0.4843,38.79243,5.28,3.0,1013.0,6
721,2022-07-12,5,22.2,20,4,39.6,79.2,0.4843,38.35656,6.32,3.0,1011.0,7
722,2022-07-12,8,22.2,20,4,39.6,79.2,0.4843,38.35656,6.32,3.0,1011.0,7
723,2022-07-12,15,22.2,20,4,39.6,79.2,0.4843,38.35656,6.32,3.0,1011.0,7
724,2022-08-12,5,22.2,9,19,39.8,79.2,0.4843,38.35656,3.82,2.0,1012.0,8
725,2022-08-12,8,22.2,9,19,39.8,79.2,0.4843,38.35656,3.82,2.0,1012.0,8
726,2022-08-12,15,22.2,9,19,39.8,79.2,0.4843,38.35656,3.82,2.0,1012.0,8
727,2022-09-12,5,26.7,26,4,39.6,79.2,0.4843,38.35656,3.82,1.0,1007.0,9
728,2022-09-12,8,26.7,26,4,39.6,79.2,0.4843,38.35656,3.82,1.0,1007.0,9
729,2022-09-12,15,26.7,26,4,39.6,79.2,0.4843,38.35656,3.82,1.0,1007.0,9
730,2022-12-12,5,26.7,4,24,40.0,80.1,0.4843,38.79243,5.35,-3.0,1005.0,12
731,2022-12-12,8,26.7,4,24,40.0,80.1,0.4843,38.79243,5.35,-3.0,1005.0,12
732,2022-12-12,15,26.7,4,24,40.0,80.1,0.4843,38.79243,5.35,-3.0,1005.0,12
733,2022-12-13,5,31.3,30,5,40.0,80.1,0.4843,38.79243,4.93,-8.0,1014.0,12
734,2022-12-13,8,31.3,30,5,40.0,80.1,0.4843,38.79243,4.93,-8.0,1014.0,12
735,2022-12-13,15,31.3,30,5,40.0,80.1,0.4843,38.79243,4.93,-8.0,1014.0,12
736,2022-12-14,5,31.3,8,28,39.6,79.2,0.4843,38.35656,1.81,-7.0,1009.0,12
737,2022-12-14,8,31.3,8,28,39.6,79.2,0.4843,38.35656,1.81,-7.0,1009.0,12
738,2022-12-14,15,31.3,8,28,39.6,79.2,0.4843,38.35656,1.81,-7.0,1009.0,12
739,2022-12-15,5,35.8,36,5,39.8,79.2,0.4843,38.35656,2.92,-2.0,1011.0,12
740,2022-12-15,8,35.8,36,5,39.8,79.2,0.4843,38.35656,2.92,-2.0,1011.0,12
741,2022-12-15,15,35.8,36,5,39.8,79.2,0.4843,38.35656,2.92,-2.0,1011.0,12
742,2022-12-16,5,35.8,25,24,39.6,79.2,0.4843,38.35656,3.75,-1.0,1007.0,12
743,2022-12-16,8,35.8,25,24,39.6,79.2,0.4843,38.35656,3.75,-1.0,1007.0,12
744,2022-12-16,15,35.8,25,24,39.6,79.2,0.4843,38.35656,3.75,-1.0,1007.0,12
745,2022-12-19,5,35.8,10,32,40.0,80.1,0.4843,38.79243,1.32,-8.0,1034.0,12
746,2022-12-19,8,35.8,10,32,40.0,80.1,0.4843,38.79243,1.32,-8.0,1034.0,12
747,2022-12-19,15,35.8,10,32,40.0,80.1,0.4843,38.79243,1.32,-8.0,1034.0,12
748,2022-12-20,5,40.3,39,7,39.6,79.2,0.4843,38.35656,2.22,-2.0,1025.0,12
749,2022-12-20,8,40.3,39,7,39.6,79.2,0.4843,38.35656,2.22,-2.0,1025.0,12
750,2022-12-20,15,40.3,39,7,39.6,79.2,0.4843,38.35656,2.22,-2.0,1025.0,12
751,2022-12-21,5,40.3,32,22,39.8,79.2,0.4843,38.35656,2.5,-1.0,1017.0,12
752,2022-12-21,8,40.3,32,22,39.8,79.2,0.4843,38.35656,2.5,-1.0,1017.0,12
753,2022-12-21,15,40.3,32,22,39.8,79.2,0.4843,38.35656,2.5,-1.0,1017.0,12
754,2022-12-22,1,40.3,13,36,39.6,79.2,0.4843,38.35656,3.89,3.0,1011.0,12
755,2022-12-22,5,40.3,13,36,39.6,79.2,0.4843,38.35656,3.89,3.0,1011.0,12
756,2022-12-22,8,40.3,13,36,39.6,79.2,0.4843,38.35656,3.89,3.0,1011.0,12
757,2022-12-23,5,44.8,43,7,40.0,80.1,0.4843,38.79243,3.47,3.0,1008.0,12
758,2022-12-23,8,44.8,43,7,40.0,80.1,0.4843,38.79243,3.47,3.0,1008.0,12
759,2022-12-23,15,44.8,43,7,40.0,80.1,0.4843,38.79243,3.47,3.0,1008.0,12
760,2022-12-27,1,44.8,15,40,40.0,80.1,0.4843,38.79243,8.61,5.0,1024.0,12
761,2022-12-27,5,44.8,15,40,40.0,80.1,0.4843,38.79243,8.61,5.0,1024.0,12
762,2022-12-27,8,44.8,15,40,40.0,80.1,0.4843,38.79243,8.61,5.0,1024.0,12
763,2022-12-28,5,49.3,47,9,39.6,79.2,0.4843,38.35656,3.82,2.0,1022.0,12
764,2022-12-28,8,49.3,47,9,39.6,79.2,0.4843,38.35656,3.82,2.0,1022.0,12
765,2022-12-28,15,49.3,47,9,39.6,79.2,0.4843,38.35656,3.82,2.0,1022.0,12
766,2022-12-29,5,49.3,42,24,39.8,79.2,0.4843,38.35656,2.99,4.0,1015.0,12
767,2022-12-29,8,49.3,42,24,39.8,79.2,0.4843,38.35656,2.99,4.0,1015.0,12
768,2022-12-29,15,49.3,42,24,39.8,79.2,0.4843,38.35656,2.99,4.0,1015.0,12
769,2022-12-30,1,49.3,28,42,39.6,79.2,0.4843,38.35656,2.64,5.0,1019.0,12
770,2022-12-30,5,49.3,28,42,39.6,79.2,0.4843,38.35656,2.64,5.0,1019.0,12
771,2022-12-30,8,49.3,28,42,39.6,79.2,0.4843,38.35656,2.64,5.0,1019.0,12
772,2023-01-01,1,49.3,11,46,40.0,80.1,0.4843,38.79243,3.19,10.0,1023.0,1
773,2023-01-01,5,49.3,11,46,40.0,80.1,0.4843,38.79243,3.19,10.0,1023.0,1
774,2023-01-01,5,49.3,11,46,40.0,80.1,0.4843,38.79243,3.19,10.0,1023.0,1
775,2023-02-01,5,53.8,51,10,39.6,79.2,0.4843,38.35656,3.61,8.0,1022.0,2
776,2023-02-01,8,53.8,51,10,39.6,79.2,0.4843,38.35656,3.61,8.0,1022.0,2
777,2023-02-01,15,53.8,51,10,39.6,79.2,0.4843,38.35656,3.61,8.0,1022.0,2
778,2023-03-01,1,53.8,36,38,39.8,79.2,0.4843,38.35656,3.68,6.0,1028.0,3
779,2023-03-01,5,53.8,36,38,39.8,79.2,0.4843,38.35656,3.68,6.0,1028.0,3
780,2023-03-01,8,53.8,36,38,39.8,79.2,0.4843,38.35656,3.68,6.0,1028.0,3
781,2023-04-01,1,53.8,19,48,39.6,79.2,0.4843,38.35656,9.72,5.0,1025.0,4
782,2023-04-01,5,53.8,19,48,39.6,79.2,0.4843,38.35656,9.72,5.0,1025.0,4
783,2023-04-01,5,53.8,19,48,39.6,79.2,0.4843,38.35656,9.72,5.0,1025.0,4
784,2023-05-01,5,58.3,57,11,39.6,79.2,0.4843,38.35656,11.04,7.0,1010.0,5
785,2023-05-01,8,58.3,57,11,39.6,79.2,0.4843,38.35656,11.04,7.0,1010.0,5
786,2023-05-01,15,58.3,57,11,39.6,79.2,0.4843,38.35656,11.04,7.0,1010.0,5
787,2023-06-01,1,58.3,46,34,39.8,79.2,0.4843,38.35656,6.46,6.0,1023.0,6
788,2023-06-01,5,58.3,46,34,39.8,79.2,0.4843,38.35656,6.46,6.0,1023.0,6
789,2023-06-01,8,58.3,46,34,39.8,79.2,0.4843,38.35656,6.46,6.0,1023.0,6
790,2023-07-01,1,58.3,21,52,39.6,79.2,0.4843,38.35656,4.86,5.0,1021.0,7
791,2023-07-01,1,58.3,21,52,39.6,79.2,0.4843,38.35656,4.86,5.0,1021.0,7
792,2023-07-01,1,58.3,21,52,39.6,79.2,0.4843,38.35656,4.86,5.0,1021.0,7
793,2023-08-01,5,62.8,61,12,40.0,80.1,0.4843,38.79243,2.01,5.0,1013.0,8
794,2023-08-01,8,62.8,61,12,40.0,80.1,0.4843,38.79243,2.01,5.0,1013.0,8
795,2023-08-01,15,62.8,61,12,40.0,80.1,0.4843,38.79243,2.01,5.0,1013.0,8
796,2023-09-01,1,62.8,56,27,39.6,79.2,0.4843,38.35656,3.19,6.0,1004.0,9
797,2023-09-01,5,62.8,56,27,39.6,79.2,0.4843,38.35656,3.19,6.0,1004.0,9
798,2023-09-01,8,62.8,56,27,39.6,79.2,0.4843,38.35656,3.19,6.0,1004.0,9
799,2023-10-01,1,62.8,38,48,39.8,79.2,0.4843,38.35656,4.38,5.0,1016.0,10
800,2023-10-01,5,62.8,38,48,39.8,79.2,0.4843,38.35656,4.38,5.0,1016.0,10
801,2023-10-01,5,62.8,38,48,39.8,79.2,0.4843,38.35656,4.38,5.0,1016.0,10
802,2023-11-01,1,62.8,18,57,39.6,79.2,0.4843,38.35656,2.99,4.0,1019.0,11
803,2023-11-01,1,62.8,18,57,39.6,79.2,0.4843,38.35656,2.99,4.0,1019.0,11
804,2023-11-01,1,62.8,18,57,39.6,79.2,0.4843,38.35656,2.99,4.0,1019.0,11
805,2023-12-01,1,67.3,65,14,40.0,80.1,0.4843,38.79243,4.03,6.0,1019.0,12
806,2023-12-01,5,67.3,65,14,40.0,80.1,0.4843,38.79243,4.03,6.0,1019.0,12
807,2023-12-01,8,67.3,65,14,40.0,80.1,0.4843,38.79243,4.03,6.0,1019.0,12
808,2023-01-13,1,67.3,49,44,40.0,80.1,0.4843,38.79243,6.18,8.0,1014.0,1
809,2023-01-13,5,67.3,49,44,40.0,80.1,0.4843,38.79243,6.18,8.0,1014.0,1
810,2023-01-13,5,67.3,49,44,40.0,80.1,0.4843,38.79243,6.18,8.0,1014.0,1
811,2023-01-14,1,67.3,21,62,39.6,79.2,0.4843,38.35656,5.0,5.0,1020.0,1
812,2023-01-14,1,67.3,21,62,39.6,79.2,0.4843,38.35656,5.0,5.0,1020.0,1
813,2023-01-14,1,67.3,21,62,39.6,79.2,0.4843,38.35656,5.0,5.0,1020.0,1
814,2023-01-15,1,72.0,71,14,39.8,79.2,0.4843,38.35656,5.49,6.0,1007.0,1
815,2023-01-15,5,72.0,71,14,39.8,79.2,0.4843,38.35656,5.49,6.0,1007.0,1
816,2023-01-15,8,72.0,71,14,39.8,79.2,0.4843,38.35656,5.49,6.0,1007.0,1
817,2023-01-16,1,72.0,60,38,39.6,79.2,0.4843,38.35656,3.82,3.0,1001.0,1
818,2023-01-16,1,72.0,60,38,39.6,79.2,0.4843,38.35656,3.82,3.0,1001.0,1
819,2023-01-16,1,72.0,60,38,39.6,79.2,0.4843,38.35656,3.82,3.0,1001.0,1
820,2023-01-17,1,72.0,48,52,40.0,80.1,0.4843,38.79243,2.64,3.0,992.0,1
821,2023-01-17,1,72.0,48,52,40.0,80.1,0.4843,38.79243,2.64,3.0,992.0,1
822,2023-01-17,1,72.0,48,52,40.0,80.1,0.4843,38.79243,2.64,3.0,992.0,1
823,2023-01-18,1,72.0,23,67,39.6,79.2,0.4843,38.35656,5.14,2.0,991.0,1
824,2023-01-18,1,72.0,23,67,39.6,79.2,0.4843,38.35656,5.14,2.0,991.0,1
825,2023-01-18,1,72.0,23,67,39.6,79.2,0.4843,38.35656,5.14,2.0,991.0,1
826,2023-01-19,5,13.2,9,7,39.8,79.2,0.4843,38.35656,1.53,2.0,1005.0,1
827,2023-01-19,8,13.2,9,7,39.8,79.2,0.4843,38.35656,1.53,2.0,1005.0,1
828,2023-01-19,15,13.2,9,7,39.8,79.2,0.4843,38.35656,1.53,2.0,1005.0,1
829,2023-01-20,5,17.7,15,8,39.6,79.2,0.4843,38.35656,2.78,1.0,1012.0,1
830,2023-01-20,8,17.7,15,8,39.6,79.2,0.4843,38.35656,2.78,1.0,1012.0,1
831,2023-01-20,15,17.7,15,8,39.6,79.2,0.4843,38.35656,2.78,1.0,1012.0,1
832,2023-01-21,5,22.2,19,10,39.6,79.2,0.4843,38.35656,4.93,-2.0,1010.0,1
833,2023-01-21,8,22.2,19,10,39.6,79.2,0.4843,38.35656,4.93,-2.0,1010.0,1
834,2023-01-21,15,22.2,19,10,39.6,79.2,0.4843,38.35656,4.93,-2.0,1010.0,1
835,2023-01-22,5,26.7,24,10,39.8,79.2,0.4843,38.35656,0.9,-5.0,1024.0,1
836,2023-01-22,8,26.7,24,10,39.8,79.2,0.4843,38.35656,0.9,-5.0,1024.0,1
837,2023-01-22,15,26.7,24,10,39.8,79.2,0.4843,38.35656,0.9,-5.0,1024.0,1
838,2023-01-23,5,26.7,15,20,39.6,79.2,0.4843,38.35656,2.85,-4.0,1029.0,1
839,2023-01-23,8,26.7,15,20,39.6,79.2,0.4843,38.35656,2.85,-4.0,1029.0,1
840,2023-01-23,15,26.7,15,20,39.6,79.2,0.4843,38.35656,2.85,-4.0,1029.0,1
841,2023-01-24,5,31.3,26,16,40.0,80.1,0.4843,38.79243,3.89,0.0,1034.0,1
842,2023-01-24,8,31.3,26,16,40.0,80.1,0.4843,38.79243,3.89,0.0,1034.0,1
843,2023-01-24,15,31.3,26,16,40.0,80.1,0.4843,38.79243,3.89,0.0,1034.0,1
844,2023-01-25,5,31.3,14,28,39.6,79.2,0.4843,38.35656,3.06,-1.0,1033.0,1
845,2023-01-25,8,31.3,14,28,39.6,79.2,0.4843,38.35656,3.06,-1.0,1033.0,1
846,2023-01-25,15,31.3,14,28,39.6,79.2,0.4843,38.35656,3.06,-1.0,1033.0,1
847,2023-01-26,5,35.8,33,11,39.8,79.2,0.4843,38.35656,3.06,0.0,1028.0,1
848,2023-01-26,8,35.8,33,11,39.8,79.2,0.4843,38.35656,3.06,0.0,1028.0,1
849,2023-01-26,15,35.8,33,11,39.8,79.2,0.4843,38.35656,3.06,0.0,1028.0,1
850,2023-01-27,5,13.2,9,7,39.6,79.2,0.4843,38.35656,5.28,-4.0,1037.0,1
851,2023-01-27,8,13.2,9,7,39.6,79.2,0.4843,38.35656,5.28,-4.0,1037.0,1
852,2023-01-27,15,13.2,9,7,39.6,79.2,0.4843,38.35656,5.28,-4.0,1037.0,1
853,2023-01-28,5,17.7,15,8,40.0,80.1,0.4843,38.79243,3.61,-7.0,1037.0,1
854,2023-01-28,8,17.7,15,8,40.0,80.1,0.4843,38.79243,3.61,-7.0,1037.0,1
855,2023-01-28,15,17.7,15,8,40.0,80.1,0.4843,38.79243,3.61,-7.0,1037.0,1
856,2023-01-29,5,22.2,19,10,39.6,79.2,0.4843,38.35656,7.5,-1.0,1020.0,1
857,2023-01-29,8,22.2,19,10,39.6,79.2,0.4843,38.35656,7.5,-1.0,1020.0,1
858,2023-01-29,15,22.2,19,10,39.6,79.2,0.4843,38.35656,7.5,-1.0,1020.0,1
859,2023-01-30,5,26.7,24,10,39.8,79.2,0.4843,38.35656,6.11,-4.0,1019.0,1
860,2023-01-30,8,26.7,24,10,39.8,79.2,0.4843,38.35656,6.11,-4.0,1019.0,1
861,2023-01-30,15,26.7,24,10,39.8,79.2,0.4843,38.35656,6.11,-4.0,1019.0,1
862,2023-01-31,5,26.7,15,20,39.6,79.2,0.4843,38.35656,11.11,-3.0,1014.0,1
863,2023-01-31,8,26.7,15,20,39.6,79.2,0.4843,38.35656,11.11,-3.0,1014.0,1
864,2023-01-31,15,26.7,15,20,39.6,79.2,0.4843,38.35656,11.11,-3.0,1014.0,1
865,2023-01-02,5,31.3,26,16,40.0,80.1,0.4843,38.79243,8.06,2.0,1011.0,1
866,2023-01-02,8,31.3,26,16,40.0,80.1,0.4843,38.79243,8.06,2.0,1011.0,1
867,2023-01-02,15,31.3,26,16,40.0,80.1,0.4843,38.79243,8.06,2.0,1011.0,1
868,2023-02-02,5,31.3,14,28,40.0,80.1,0.4843,38.79243,8.61,2.0,1011.0,2
869,2023-02-02,8,31.3,14,28,40.0,80.1,0.4843,38.79243,8.61,2.0,1011.0,2
870,2023-02-02,15,31.3,14,28,40.0,80.1,0.4843,38.79243,8.61,2.0,1011.0,2
871,2023-03-02,5,35.8,33,11,39.6,79.2,0.4843,38.35656,7.78,1.0,1016.0,3
872,2023-03-02,8,35.8,33,11,39.6,79.2,0.4843,38.35656,7.78,1.0,1016.0,3
873,2023-03-02,15,35.8,33,11,39.6,79.2,0.4843,38.35656,7.78,1.0,1016.0,3
874,2023-04-02,5,35.8,19,28,39.8,79.2,0.4843,38.35656,8.61,0.0,1027.0,4
875,2023-04-02,8,35.8,19,28,39.8,79.2,0.4843,38.35656,8.61,0.0,1027.0,4
876,2023-04-02,15,35.8,19,28,39.8,79.2,0.4843,38.35656,8.61,0.0,1027.0,4
877,2023-05-02,1,40.3,21,32,39.6,79.2,0.4843,38.35656,3.61,-5.0,1037.0,5
878,2023-05-02,5,40.3,21,32,39.6,79.2,0.4843,38.35656,3.61,-5.0,1037.0,5
879,2023-05-02,8,40.3,21,32,39.6,79.2,0.4843,38.35656,3.61,-5.0,1037.0,5
880,2023-06-02,5,44.8,37,21,40.0,80.1,0.4843,38.79243,1.39,-6.0,1039.0,6
881,2023-06-02,8,44.8,37,21,40.0,80.1,0.4843,38.79243,1.39,-6.0,1039.0,6
882,2023-06-02,15,44.8,37,21,40.0,80.1,0.4843,38.79243,1.39,-6.0,1039.0,6
883,2023-07-02,1,44.8,26,34,39.6,79.2,0.4843,38.35656,1.94,-6.0,1041.0,7
884,2023-07-02,5,44.8,26,34,39.6,79.2,0.4843,38.35656,1.94,-6.0,1041.0,7
885,2023-07-02,8,44.8,26,34,39.6,79.2,0.4843,38.35656,1.94,-6.0,1041.0,7
886,2023-08-02,1,49.3,36,32,39.8,79.2,0.4843,38.35656,3.33,-5.0,1045.0,8
887,2023-08-02,5,49.3,36,32,39.8,79.2,0.4843,38.35656,3.33,-5.0,1045.0,8
888,2023-08-02,8,49.3,36,32,39.8,79.2,0.4843,38.35656,3.33,-5.0,1045.0,8
889,2023-09-02,1,53.8,47,24,39.6,79.2,0.4843,38.35656,1.67,-6.0,1038.0,9
890,2023-09-02,5,53.8,47,24,39.6,79.2,0.4843,38.35656,1.67,-6.0,1038.0,9
891,2023-09-02,8,53.8,47,24,39.6,79.2,0.4843,38.35656,1.67,-6.0,1038.0,9
892,2023-10-02,5,58.3,55,18,40.0,80.1,0.4843,38.79243,4.44,-2.0,1035.0,10
893,2023-10-02,8,58.3,55,18,40.0,80.1,0.4843,38.79243,4.44,-2.0,1035.0,10
894,2023-10-02,15,58.3,55,18,40.0,80.1,0.4843,38.79243,4.44,-2.0,1035.0,10
895,2023-11-02,1,58.3,32,46,39.6,79.2,0.4843,38.35656,6.94,-1.0,1028.0,11
896,2023-11-02,5,58.3,32,46,39.6,79.2,0.4843,38.35656,6.94,-1.0,1028.0,11
897,2023-11-02,5,58.3,32,46,39.6,79.2,0.4843,38.35656,6.94,-1.0,1028.0,11
898,2023-12-02,1,62.8,58,20,39.8,79.2,0.4843,38.35656,4.17,1.0,1038.0,12
899,2023-12-02,5,62.8,58,20,39.8,79.2,0.4843,38.35656,4.17,1.0,1038.0,12
900,2023-12-02,8,62.8,58,20,39.8,79.2,0.4843,38.35656,4.17,1.0,1038.0,12
901,2023-02-13,1,62.8,45,42,39.6,79.2,0.4843,38.35656,4.72,3.0,1036.0,2
902,2023-02-13,5,62.8,45,42,39.6,79.2,0.4843,38.35656,4.72,3.0,1036.0,2
903,2023-02-13,5,62.8,45,42,39.6,79.2,0.4843,38.35656,4.72,3.0,1036.0,2
904,2023-02-14,1,67.3,60,29,40.0,80.1,0.4843,38.79243,3.89,3.0,1036.0,2
905,2023-02-14,5,67.3,60,29,40.0,80.1,0.4843,38.79243,3.89,3.0,1036.0,2
906,2023-02-14,8,67.3,60,29,40.0,80.1,0.4843,38.79243,3.89,3.0,1036.0,2
907,2023-02-15,1,67.3,33,56,40.0,80.1,0.4843,38.79243,1.94,2.0,1031.0,2
908,2023-02-15,1,67.3,33,56,40.0,80.1,0.4843,38.79243,1.94,2.0,1031.0,2
909,2023-02-15,1,67.3,33,56,40.0,80.1,0.4843,38.79243,1.94,2.0,1031.0,2
910,2023-02-16,5,72.0,68,21,39.6,79.2,0.4843,38.35656,4.17,3.0,1025.0,2
911,2023-02-16,8,72.0,68,21,39.6,79.2,0.4843,38.35656,4.17,3.0,1025.0,2
912,2023-02-16,15,72.0,68,21,39.6,79.2,0.4843,38.35656,4.17,3.0,1025.0,2
913,2023-02-17,1,72.0,65,29,39.8,79.2,0.4843,38.35656,10.28,5.0,1018.0,2
914,2023-02-17,5,72.0,65,29,39.8,79.2,0.4843,38.35656,10.28,5.0,1018.0,2
915,2023-02-17,5,72.0,65,29,39.8,79.2,0.4843,38.35656,10.28,5.0,1018.0,2
916,2023-02-18,1,72.0,53,46,39.6,79.2,0.4843,38.35656,10.56,8.0,1014.0,2
917,2023-02-18,1,72.0,53,46,39.6,79.2,0.4843,38.35656,10.56,8.0,1014.0,2
918,2023-02-18,1,72.0,53,46,39.6,79.2,0.4843,38.35656,10.56,8.0,1014.0,2
919,2023-02-19,1,72.0,40,57,40.0,80.1,0.4843,38.79243,6.94,4.0,1012.0,2
920,2023-02-19,1,72.0,40,57,40.0,80.1,0.4843,38.79243,6.94,4.0,1012.0,2
921,2023-02-19,1,72.0,40,57,40.0,80.1,0.4843,38.79243,6.94,4.0,1012.0,2
922,2023-02-20,1,72.0,32,62,39.6,79.2,0.4843,38.35656,11.11,5.0,1017.0,2
923,2023-02-20,1,72.0,32,62,39.6,79.2,0.4843,38.35656,11.11,5.0,1017.0,2
924,2023-02-20,1,72.0,32,62,39.6,79.2,0.4843,38.35656,11.11,5.0,1017.0,2
925,2023-02-21,15,13.2,12,3,39.8,79.2,0.4843,38.35656,9.17,8.0,1011.0,2
926,2023-02-21,25,13.2,12,3,39.8,79.2,0.4843,38.35656,9.17,8.0,1011.0,2
927,2023-02-21,40,13.2,12,3,39.8,79.2,0.4843,38.35656,9.17,8.0,1011.0,2
928,2023-02-22,15,13.2,9,7,39.6,79.2,0.4843,38.35656,2.78,3.0,1018.0,2
929,2023-02-22,25,13.2,9,7,39.6,79.2,0.4843,38.35656,2.78,3.0,1018.0,2
930,2023-02-22,40,13.2,9,7,39.6,79.2,0.4843,38.35656,2.78,3.0,1018.0,2
931,2023-02-23,15,13.2,5,10,40.0,80.1,0.4843,38.79243,2.78,3.0,1017.0,2
932,2023-02-23,25,13.2,5,10,40.0,80.1,0.4843,38.79243,2.78,3.0,1017.0,2
933,2023-02-23,40,13.2,5,10,40.0,80.1,0.4843,38.79243,2.78,3.0,1017.0,2
934,2023-02-24,15,17.7,17,4,40.0,80.1,0.4843,38.79243,6.11,6.0,1004.0,2
935,2023-02-24,25,17.7,17,4,40.0,80.1,0.4843,38.79243,6.11,6.0,1004.0,2
936,2023-02-24,40,17.7,17,4,40.0,80.1,0.4843,38.79243,6.11,6.0,1004.0,2
937,2023-02-25,15,17.7,15,8,39.6,79.2,0.4843,38.35656,8.89,4.0,996.0,2
938,2023-02-25,25,17.7,15,8,39.6,79.2,0.4843,38.35656,8.89,4.0,996.0,2
939,2023-02-25,40,17.7,15,8,39.6,79.2,0.4843,38.35656,8.89,4.0,996.0,2
940,2023-02-26,15,22.2,20,4,39.8,79.2,0.4843,38.35656,4.17,0.0,1014.0,2
941,2023-02-26,25,22.2,20,4,39.8,79.2,0.4843,38.35656,4.17,0.0,1014.0,2
942,2023-02-26,40,22.2,20,4,39.8,79.2,0.4843,38.35656,4.17,0.0,1014.0,2
943,2023-02-27,15,22.2,19,10,39.6,79.2,0.4843,38.35656,3.61,1.0,1026.0,2
944,2023-02-27,25,22.2,19,10,39.6,79.2,0.4843,38.35656,3.61,1.0,1026.0,2
945,2023-02-27,40,22.2,19,10,39.6,79.2,0.4843,38.35656,3.61,1.0,1026.0,2
946,2023-02-28,15,26.7,26,4,40.0,80.1,0.4843,38.79243,3.33,0.0,1030.0,2
947,2023-02-28,25,26.7,26,4,40.0,80.1,0.4843,38.79243,3.33,0.0,1030.0,2
948,2023-02-28,40,26.7,26,4,40.0,80.1,0.4843,38.79243,3.33,0.0,1030.0,2
